timestamp,actual,q10,q50,q90,fold_id,model,horizon
2018-06-29 01:00:00,31942.0,25875.4,28759.2,31460.5,1,xgboost,primary
2018-06-29 02:00:00,29691.0,24942.0,27594.3,30023.7,1,xgboost,primary
2018-06-29 03:00:00,28338.0,24274.4,26947.0,29127.6,1,xgboost,primary
2018-06-29 04:00:00,27376.0,23979.8,26770.7,28877.7,1,xgboost,primary
2018-06-29 05:00:00,27318.0,24219.7,27036.0,29108.3,1,xgboost,primary
2018-06-29 06:00:00,28185.0,25033.5,28143.9,30442.5,1,xgboost,primary
2018-06-29 07:00:00,30251.0,26917.0,30195.7,32703.1,1,xgboost,primary
2018-06-29 08:00:00,33322.0,29244.9,32440.3,35285.8,1,xgboost,primary
2018-06-29 09:00:00,36101.0,30369.8,34807.9,38055.7,1,xgboost,primary
2018-06-29 10:00:00,38540.0,31888.8,36729.5,40388.0,1,xgboost,primary
2018-06-29 11:00:00,40893.0,32576.7,39481.6,42826.5,1,xgboost,primary
2018-06-29 12:00:00,42865.0,34034.8,41343.9,44797.7,1,xgboost,primary
2018-06-29 13:00:00,44489.0,34951.3,42548.0,46498.9,1,xgboost,primary
2018-06-29 14:00:00,45791.0,35808.3,43746.9,48233.0,1,xgboost,primary
2018-06-29 15:00:00,46826.0,36672.6,44168.5,49951.2,1,xgboost,primary
2018-06-29 16:00:00,47825.0,36999.2,44693.0,50622.3,1,xgboost,primary
2018-06-29 17:00:00,48752.0,37308.4,44939.3,50930.5,1,xgboost,primary
2018-06-29 18:00:00,49105.0,37440.1,45378.6,51767.1,1,xgboost,primary
2018-06-29 19:00:00,48321.0,36623.8,43660.5,51243.3,1,xgboost,primary
2018-06-29 20:00:00,46534.0,36018.9,43146.0,48678.9,1,xgboost,primary
2018-06-29 21:00:00,44158.0,34840.3,41775.7,46620.4,1,xgboost,primary
2018-06-29 22:00:00,42343.0,34008.0,40461.5,45499.6,1,xgboost,primary
2018-06-29 23:00:00,39099.0,32291.4,36508.2,41397.7,1,xgboost,primary
2018-06-30 00:00:00,35639.0,28173.7,32518.2,36417.7,1,xgboost,primary
2018-06-29 01:00:00,31942.0,31660.9,32275.7,32866.8,1,chronos,primary
2018-06-29 02:00:00,29691.0,29556.5,30502.3,31235.3,1,chronos,primary
2018-06-29 03:00:00,28338.0,28374.2,29320.0,30265.8,1,chronos,primary
2018-06-29 04:00:00,27376.0,27664.9,28610.7,29792.9,1,chronos,primary
2018-06-29 05:00:00,27318.0,27428.4,28610.7,30029.4,1,chronos,primary
2018-06-29 06:00:00,28185.0,28610.7,29556.5,31448.1,1,chronos,primary
2018-06-29 07:00:00,30251.0,30502.3,31448.1,33576.1,1,chronos,primary
2018-06-29 08:00:00,33322.0,32393.9,33694.4,35727.9,1,chronos,primary
2018-06-29 09:00:00,36101.0,34522.0,35704.2,38068.7,1,chronos,primary
2018-06-29 10:00:00,38540.0,36177.1,37595.8,40196.8,1,chronos,primary
2018-06-29 11:00:00,40893.0,37572.2,39487.4,41875.6,1,chronos,primary
2018-06-29 12:00:00,42865.0,38754.4,41142.6,43767.2,1,chronos,primary
2018-06-29 13:00:00,44489.0,39723.9,42443.1,45422.4,1,chronos,primary
2018-06-29 14:00:00,45791.0,40409.6,43743.6,46817.4,1,chronos,primary
2018-06-29 15:00:00,46826.0,41355.4,44689.4,48472.6,1,chronos,primary
2018-06-29 16:00:00,47825.0,41615.5,45635.2,49442.1,1,chronos,primary
2018-06-29 17:00:00,48752.0,41828.3,46226.3,50387.9,1,chronos,primary
2018-06-29 18:00:00,49105.0,41379.1,46108.1,50837.1,1,chronos,primary
2018-06-29 19:00:00,48321.0,40433.2,45635.2,49915.0,1,chronos,primary
2018-06-29 20:00:00,46534.0,39014.5,44334.7,48709.1,1,chronos,primary
2018-06-29 21:00:00,44158.0,38068.7,42797.8,47053.9,1,chronos,primary
2018-06-29 22:00:00,42343.0,36886.5,41497.3,45871.6,1,chronos,primary
2018-06-29 23:00:00,39099.0,34049.1,38305.2,43057.9,1,chronos,primary
2018-06-30 00:00:00,35639.0,31188.0,35231.3,39723.9,1,chronos,primary
2018-06-29 01:00:00,31942.0,28824.8,31539.9,34255.0,1,lstm,primary
2018-06-29 02:00:00,29691.0,26560.5,29084.2,31608.0,1,lstm,primary
2018-06-29 03:00:00,28338.0,25924.6,28333.4,30742.1,1,lstm,primary
2018-06-29 04:00:00,27376.0,25629.6,27956.6,30283.5,1,lstm,primary
2018-06-29 05:00:00,27318.0,26468.9,28790.9,31112.9,1,lstm,primary
2018-06-29 06:00:00,28185.0,26355.2,28750.9,31146.7,1,lstm,primary
2018-06-29 07:00:00,30251.0,28319.7,30891.1,33462.4,1,lstm,primary
2018-06-29 08:00:00,33322.0,30315.1,33147.4,35979.8,1,lstm,primary
2018-06-29 09:00:00,36101.0,32036.1,35104.6,38173.2,1,lstm,primary
2018-06-29 10:00:00,38540.0,33685.7,36961.6,40237.5,1,lstm,primary
2018-06-29 11:00:00,40893.0,35646.1,39122.0,42597.9,1,lstm,primary
2018-06-29 12:00:00,42865.0,38498.8,42142.3,45785.8,1,lstm,primary
2018-06-29 13:00:00,44489.0,38940.3,42721.8,46503.4,1,lstm,primary
2018-06-29 14:00:00,45791.0,40560.0,44452.2,48344.4,1,lstm,primary
2018-06-29 15:00:00,46826.0,40162.0,44142.2,48122.4,1,lstm,primary
2018-06-29 16:00:00,47825.0,41239.5,45304.6,49369.8,1,lstm,primary
2018-06-29 17:00:00,48752.0,40523.8,44667.7,48811.6,1,lstm,primary
2018-06-29 18:00:00,49105.0,40175.0,44349.0,48522.9,1,lstm,primary
2018-06-29 19:00:00,48321.0,40578.1,44685.3,48792.6,1,lstm,primary
2018-06-29 20:00:00,46534.0,41132.1,45087.5,49042.9,1,lstm,primary
2018-06-29 21:00:00,44158.0,39322.3,43075.7,46829.2,1,lstm,primary
2018-06-29 22:00:00,42343.0,36847.1,40446.3,44045.4,1,lstm,primary
2018-06-29 23:00:00,39099.0,34656.7,37980.1,41303.5,1,lstm,primary
2018-06-30 00:00:00,35639.0,31832.4,34861.7,37891.0,1,lstm,primary
2018-06-29 01:00:00,31942.0,25875.4,28759.2,31460.5,1,xgboost,extended
2018-06-29 02:00:00,29691.0,24942.0,27594.3,30023.7,1,xgboost,extended
2018-06-29 03:00:00,28338.0,24274.4,26947.0,29127.6,1,xgboost,extended
2018-06-29 04:00:00,27376.0,23979.8,26770.7,28877.7,1,xgboost,extended
2018-06-29 05:00:00,27318.0,24219.7,27036.0,29108.3,1,xgboost,extended
2018-06-29 06:00:00,28185.0,25033.5,28143.9,30442.5,1,xgboost,extended
2018-06-29 07:00:00,30251.0,26917.0,30195.7,32703.1,1,xgboost,extended
2018-06-29 08:00:00,33322.0,29244.9,32440.3,35285.8,1,xgboost,extended
2018-06-29 09:00:00,36101.0,30369.8,34807.9,38055.7,1,xgboost,extended
2018-06-29 10:00:00,38540.0,31888.8,36729.5,40388.0,1,xgboost,extended
2018-06-29 11:00:00,40893.0,32576.7,39481.6,42826.5,1,xgboost,extended
2018-06-29 12:00:00,42865.0,34034.8,41343.9,44797.7,1,xgboost,extended
2018-06-29 13:00:00,44489.0,34951.3,42548.0,46498.9,1,xgboost,extended
2018-06-29 14:00:00,45791.0,35808.3,43746.9,48233.0,1,xgboost,extended
2018-06-29 15:00:00,46826.0,36672.6,44168.5,49951.2,1,xgboost,extended
2018-06-29 16:00:00,47825.0,36999.2,44693.0,50622.3,1,xgboost,extended
2018-06-29 17:00:00,48752.0,37308.4,44939.3,50930.5,1,xgboost,extended
2018-06-29 18:00:00,49105.0,37440.1,45378.6,51767.1,1,xgboost,extended
2018-06-29 19:00:00,48321.0,36623.8,43660.5,51243.3,1,xgboost,extended
2018-06-29 20:00:00,46534.0,36018.9,43146.0,48678.9,1,xgboost,extended
2018-06-29 21:00:00,44158.0,34840.3,41775.7,46620.4,1,xgboost,extended
2018-06-29 22:00:00,42343.0,34008.0,40461.5,45499.6,1,xgboost,extended
2018-06-29 23:00:00,39099.0,32291.4,36508.2,41397.7,1,xgboost,extended
2018-06-30 00:00:00,35639.0,28173.7,32518.2,36417.7,1,xgboost,extended
2018-06-30 01:00:00,32443.0,26776.0,30503.3,33349.7,1,xgboost,extended
2018-06-30 02:00:00,30093.0,25319.3,29289.9,31444.6,1,xgboost,extended
2018-06-30 03:00:00,28392.0,24461.3,28229.7,29970.8,1,xgboost,extended
2018-06-30 04:00:00,27226.0,23852.6,27027.2,29050.3,1,xgboost,extended
2018-06-30 05:00:00,26624.0,23524.8,26648.9,28549.3,1,xgboost,extended
2018-06-30 06:00:00,26411.0,23605.1,26882.5,28526.5,1,xgboost,extended
2018-06-30 07:00:00,27026.0,24280.4,27014.2,29427.4,1,xgboost,extended
2018-06-30 08:00:00,29393.0,25027.7,28748.2,30930.7,1,xgboost,extended
2018-06-30 09:00:00,32697.0,27234.7,31163.7,34323.8,1,xgboost,extended
2018-06-30 10:00:00,36256.0,29599.1,33700.8,37078.1,1,xgboost,extended
2018-06-30 11:00:00,39459.0,31370.4,36243.8,39781.4,1,xgboost,extended
2018-06-30 12:00:00,41902.0,32305.1,38152.7,41426.3,1,xgboost,extended
2018-06-30 13:00:00,43803.0,33611.9,39073.9,42331.3,1,xgboost,extended
2018-06-30 14:00:00,45293.0,34121.9,39978.1,42894.5,1,xgboost,extended
2018-06-30 15:00:00,46465.0,34143.8,40928.4,43391.6,1,xgboost,extended
2018-06-30 16:00:00,47711.0,34410.7,41286.2,43763.0,1,xgboost,extended
2018-06-30 17:00:00,48790.0,35413.9,42594.1,44946.6,1,xgboost,extended
2018-06-30 18:00:00,49341.0,35530.0,42741.9,45077.9,1,xgboost,extended
2018-06-30 19:00:00,49031.0,35390.4,42478.5,44926.3,1,xgboost,extended
2018-06-30 20:00:00,47522.0,34342.7,40618.4,43568.2,1,xgboost,extended
2018-06-30 21:00:00,45558.0,33825.6,39235.8,42636.0,1,xgboost,extended
2018-06-30 22:00:00,43940.0,32626.6,37958.7,41572.9,1,xgboost,extended
2018-06-30 23:00:00,40958.0,31568.7,35738.7,39262.8,1,xgboost,extended
2018-07-01 00:00:00,37751.0,28594.0,33553.4,37951.4,1,xgboost,extended
2018-07-01 01:00:00,34716.0,26832.1,31242.3,33733.8,1,xgboost,extended
2018-07-01 02:00:00,32345.0,25663.2,29362.9,31302.3,1,xgboost,extended
2018-07-01 03:00:00,30546.0,24392.5,28129.6,29476.1,1,xgboost,extended
2018-07-01 04:00:00,29300.0,23852.6,27105.5,28411.2,1,xgboost,extended
2018-07-01 05:00:00,28511.0,23422.6,26253.1,27866.3,1,xgboost,extended
2018-07-01 06:00:00,27992.0,23293.6,25758.9,27719.2,1,xgboost,extended
2018-07-01 07:00:00,28211.0,23336.9,26221.5,27969.2,1,xgboost,extended
2018-07-01 08:00:00,30337.0,24168.5,27635.0,29470.0,1,xgboost,extended
2018-07-01 09:00:00,33759.0,26411.3,30569.5,33335.5,1,xgboost,extended
2018-07-01 10:00:00,37516.0,28920.9,33356.7,37239.4,1,xgboost,extended
2018-07-01 11:00:00,41130.0,30771.7,36041.8,40426.8,1,xgboost,extended
2018-07-01 12:00:00,44099.0,32924.8,39057.8,42918.2,1,xgboost,extended
2018-07-01 13:00:00,46378.0,34305.6,40407.8,44534.0,1,xgboost,extended
2018-07-01 14:00:00,48208.0,35276.1,41434.9,45928.4,1,xgboost,extended
2018-07-01 15:00:00,49429.0,35833.8,42567.9,47097.9,1,xgboost,extended
2018-07-01 16:00:00,50466.0,36330.3,43951.7,48288.5,1,xgboost,extended
2018-07-01 17:00:00,51358.0,37090.8,45347.7,48914.9,1,xgboost,extended
2018-07-01 18:00:00,51803.0,37105.3,45513.5,49392.6,1,xgboost,extended
2018-07-01 19:00:00,51437.0,37325.2,45643.2,49363.0,1,xgboost,extended
2018-07-01 20:00:00,50120.0,36646.6,44685.9,49017.3,1,xgboost,extended
2018-07-01 21:00:00,48316.0,36430.3,43614.6,47175.6,1,xgboost,extended
2018-07-01 22:00:00,46807.0,35407.1,42226.2,46006.7,1,xgboost,extended
2018-07-01 23:00:00,43501.0,33457.2,39236.9,43471.1,1,xgboost,extended
2018-07-02 00:00:00,39909.0,32090.3,36552.6,40930.1,1,xgboost,extended
2018-07-02 01:00:00,36627.0,29460.8,33825.1,37645.2,1,xgboost,extended
2018-07-02 02:00:00,34288.0,28047.6,32475.1,35449.3,1,xgboost,extended
2018-07-02 03:00:00,32552.0,27029.8,31039.4,34115.2,1,xgboost,extended
2018-07-02 04:00:00,31450.0,25827.4,29995.8,33180.0,1,xgboost,extended
2018-07-02 05:00:00,31246.0,25531.3,29622.5,33057.5,1,xgboost,extended
2018-07-02 06:00:00,32035.0,25631.7,29819.1,33961.8,1,xgboost,extended
2018-07-02 07:00:00,34136.0,26645.7,30646.2,35265.5,1,xgboost,extended
2018-07-02 08:00:00,37526.0,30262.4,35676.8,38958.7,1,xgboost,extended
2018-07-02 09:00:00,40987.0,32660.3,37956.1,41976.7,1,xgboost,extended
2018-07-02 10:00:00,44377.0,34707.1,40075.5,44641.0,1,xgboost,extended
2018-07-02 11:00:00,47740.0,37376.9,42950.1,47050.0,1,xgboost,extended
2018-07-02 12:00:00,50475.0,38824.8,45260.9,50440.3,1,xgboost,extended
2018-07-02 13:00:00,52533.0,39347.5,47795.2,53341.6,1,xgboost,extended
2018-07-02 14:00:00,54170.0,39590.4,50028.9,55462.4,1,xgboost,extended
2018-07-02 15:00:00,55159.0,39941.3,50402.1,55476.8,1,xgboost,extended
2018-07-02 16:00:00,55836.0,40170.8,51315.1,56093.5,1,xgboost,extended
2018-07-02 17:00:00,56430.0,40370.8,51197.3,56263.8,1,xgboost,extended
2018-07-02 18:00:00,56609.0,40370.8,51292.3,56140.7,1,xgboost,extended
2018-07-02 19:00:00,56231.0,39927.7,49453.9,53734.7,1,xgboost,extended
2018-07-02 20:00:00,54644.0,39841.7,49195.9,54082.5,1,xgboost,extended
2018-07-02 21:00:00,52757.0,39321.2,48244.1,52997.7,1,xgboost,extended
2018-07-02 22:00:00,50685.0,39140.3,46757.1,51283.5,1,xgboost,extended
2018-07-02 23:00:00,46833.0,37110.3,44078.9,46405.6,1,xgboost,extended
2018-07-03 00:00:00,42919.0,32814.3,37681.9,41767.6,1,xgboost,extended
2018-07-03 01:00:00,39641.0,30779.7,34926.6,38927.3,1,xgboost,extended
2018-07-03 02:00:00,37091.0,29166.6,33367.7,37040.6,1,xgboost,extended
2018-07-03 03:00:00,35334.0,27646.9,32121.0,35033.1,1,xgboost,extended
2018-07-03 04:00:00,34189.0,27285.2,31291.2,34130.7,1,xgboost,extended
2018-07-03 05:00:00,33912.0,27270.8,31225.8,33975.7,1,xgboost,extended
2018-07-03 06:00:00,34734.0,27637.2,31462.6,34243.6,1,xgboost,extended
2018-07-03 07:00:00,36759.0,29129.5,33043.3,36381.9,1,xgboost,extended
2018-07-03 08:00:00,39728.0,31745.7,36240.6,39842.1,1,xgboost,extended
2018-07-03 09:00:00,42680.0,34258.9,39268.9,43055.0,1,xgboost,extended
2018-07-03 10:00:00,45766.0,37016.8,43099.1,45981.6,1,xgboost,extended
2018-07-03 11:00:00,48876.0,38142.8,46552.3,49330.8,1,xgboost,extended
2018-07-03 12:00:00,51603.0,39330.7,48191.7,52396.9,1,xgboost,extended
2018-07-03 13:00:00,53623.0,41064.5,49083.0,52083.0,1,xgboost,extended
2018-07-03 14:00:00,54852.0,42490.5,50999.4,54858.7,1,xgboost,extended
2018-07-03 15:00:00,54908.0,42599.9,51084.7,55217.5,1,xgboost,extended
2018-07-03 16:00:00,54908.0,42779.3,51880.6,56251.7,1,xgboost,extended
2018-07-03 17:00:00,54724.0,42638.6,52185.7,56823.7,1,xgboost,extended
2018-07-03 18:00:00,53679.0,42649.3,52569.7,56644.6,1,xgboost,extended
2018-07-03 19:00:00,51788.0,42157.4,50733.9,54728.5,1,xgboost,extended
2018-07-03 20:00:00,49244.0,41990.4,50558.5,53913.3,1,xgboost,extended
2018-07-03 21:00:00,47292.0,40839.5,48057.7,51625.7,1,xgboost,extended
2018-07-03 22:00:00,45506.0,39523.4,46179.6,50001.1,1,xgboost,extended
2018-07-03 23:00:00,42437.0,37510.5,43220.3,45759.3,1,xgboost,extended
2018-07-04 00:00:00,39340.0,33890.0,39328.7,43144.7,1,xgboost,extended
2018-07-04 01:00:00,36317.0,32420.2,36733.3,40869.8,1,xgboost,extended
2018-07-04 02:00:00,34060.0,30720.6,34657.5,38853.0,1,xgboost,extended
2018-07-04 03:00:00,32477.0,29237.5,33622.8,37177.4,1,xgboost,extended
2018-07-04 04:00:00,31306.0,28642.1,33085.9,35958.4,1,xgboost,extended
2018-07-04 05:00:00,30707.0,28368.6,32824.6,35620.1,1,xgboost,extended
2018-07-04 06:00:00,30668.0,28987.1,33184.5,36828.3,1,xgboost,extended
2018-07-04 07:00:00,31027.0,30617.2,34370.1,38603.9,1,xgboost,extended
2018-07-04 08:00:00,32565.0,32314.7,37068.3,41193.2,1,xgboost,extended
2018-07-04 09:00:00,35299.0,34310.3,39999.5,43497.4,1,xgboost,extended
2018-07-04 10:00:00,38405.0,36860.7,42485.6,45613.7,1,xgboost,extended
2018-07-04 11:00:00,41539.0,37580.5,45133.5,47979.7,1,xgboost,extended
2018-07-04 12:00:00,44266.0,37977.6,45490.7,50125.9,1,xgboost,extended
2018-07-04 13:00:00,46164.0,40314.9,46610.7,51645.9,1,xgboost,extended
2018-07-04 14:00:00,47275.0,41599.6,48805.9,53412.9,1,xgboost,extended
2018-07-04 15:00:00,47767.0,41873.3,49202.6,53842.6,1,xgboost,extended
2018-07-04 16:00:00,47897.0,41738.7,48020.7,53438.1,1,xgboost,extended
2018-07-04 17:00:00,47504.0,41251.5,47039.0,52242.3,1,xgboost,extended
2018-07-04 18:00:00,46611.0,39315.0,45534.2,51391.0,1,xgboost,extended
2018-07-04 19:00:00,44964.0,37078.2,41865.5,48056.7,1,xgboost,extended
2018-07-04 20:00:00,43361.0,36724.2,41764.0,46717.8,1,xgboost,extended
2018-07-04 21:00:00,42157.0,36802.0,41751.6,46206.8,1,xgboost,extended
2018-07-04 22:00:00,40860.0,35728.2,41073.8,45040.8,1,xgboost,extended
2018-07-04 23:00:00,39131.0,33533.2,38994.7,41650.3,1,xgboost,extended
2018-07-05 00:00:00,36699.0,31596.0,36250.1,39505.4,1,xgboost,extended
2018-07-05 01:00:00,34220.0,30042.8,33976.8,37747.6,1,xgboost,extended
2018-07-05 02:00:00,32368.0,28643.0,32782.2,35564.3,1,xgboost,extended
2018-07-05 03:00:00,31209.0,27411.7,31408.9,34010.1,1,xgboost,extended
2018-07-05 04:00:00,30749.0,27073.4,30297.5,32752.3,1,xgboost,extended
2018-07-05 05:00:00,30872.0,26364.2,30104.9,32183.4,1,xgboost,extended
2018-07-05 06:00:00,31845.0,26675.1,30105.2,32239.2,1,xgboost,extended
2018-07-05 07:00:00,33894.0,27197.6,30779.1,32565.2,1,xgboost,extended
2018-07-05 08:00:00,36956.0,28757.6,32217.0,34338.8,1,xgboost,extended
2018-07-05 09:00:00,39443.0,30344.8,34391.8,37156.1,1,xgboost,extended
2018-07-05 10:00:00,42013.0,31872.2,36825.7,40320.6,1,xgboost,extended
2018-07-05 11:00:00,44632.0,33607.4,39099.1,43123.8,1,xgboost,extended
2018-07-05 12:00:00,46809.0,35554.2,41428.4,46647.0,1,xgboost,extended
2018-07-05 13:00:00,48646.0,36075.9,42468.5,48342.5,1,xgboost,extended
2018-07-05 14:00:00,50094.0,36590.9,43329.4,49133.3,1,xgboost,extended
2018-07-05 15:00:00,50858.0,36555.8,43814.5,49612.6,1,xgboost,extended
2018-07-05 16:00:00,51351.0,36846.8,44090.4,49575.8,1,xgboost,extended
2018-07-05 17:00:00,52045.0,36642.1,43682.9,49453.5,1,xgboost,extended
2018-07-05 18:00:00,52503.0,36538.3,43523.2,49046.1,1,xgboost,extended
2018-07-05 19:00:00,51786.0,35949.4,42385.5,47869.0,1,xgboost,extended
2018-07-05 20:00:00,50066.0,34963.7,40842.2,46300.8,1,xgboost,extended
2018-07-05 21:00:00,48431.0,34563.5,40078.7,45378.0,1,xgboost,extended
2018-07-05 22:00:00,46736.0,33955.3,38831.3,43716.3,1,xgboost,extended
2018-07-05 23:00:00,43432.0,32727.2,37225.1,41722.1,1,xgboost,extended
2018-07-06 00:00:00,40087.0,30918.8,34667.6,38436.7,1,xgboost,extended
2018-06-29 01:00:00,31942.0,31684.5,32393.9,32866.8,1,chronos,extended
2018-06-29 02:00:00,29691.0,29792.9,30502.3,31448.1,1,chronos,extended
2018-06-29 03:00:00,28338.0,28587.0,29320.0,30502.3,1,chronos,extended
2018-06-29 04:00:00,27376.0,27664.9,28610.7,30029.4,1,chronos,extended
2018-06-29 05:00:00,27318.0,27428.4,28610.7,30265.8,1,chronos,extended
2018-06-29 06:00:00,28185.0,28374.2,29556.5,31448.1,1,chronos,extended
2018-06-29 07:00:00,30251.0,30502.3,31448.1,33812.6,1,chronos,extended
2018-06-29 08:00:00,33322.0,32393.9,33576.1,36177.1,1,chronos,extended
2018-06-29 09:00:00,36101.0,34049.1,35704.2,38565.3,1,chronos,extended
2018-06-29 10:00:00,38540.0,35704.2,37595.8,41142.6,1,chronos,extended
2018-06-29 11:00:00,40893.0,37122.9,39251.0,42821.4,1,chronos,extended
2018-06-29 12:00:00,42865.0,38068.7,40669.7,44216.5,1,chronos,extended
2018-06-29 13:00:00,44489.0,38778.1,41970.2,45658.8,1,chronos,extended
2018-06-29 14:00:00,45791.0,39936.7,43034.2,47314.0,1,chronos,extended
2018-06-29 15:00:00,46826.0,40882.5,43980.0,48496.3,1,chronos,extended
2018-06-29 16:00:00,47825.0,41379.1,44925.8,49442.1,1,chronos,extended
2018-06-29 17:00:00,48752.0,41615.5,45635.2,50127.8,1,chronos,extended
2018-06-29 18:00:00,49105.0,41379.1,45871.6,50151.4,1,chronos,extended
2018-06-29 19:00:00,48321.0,40882.5,45044.1,49418.4,1,chronos,extended
2018-06-29 20:00:00,46534.0,39463.8,43507.1,47999.7,1,chronos,extended
2018-06-29 21:00:00,44158.0,38045.1,42088.4,46344.5,1,chronos,extended
2018-06-29 22:00:00,42343.0,36862.8,41142.6,45209.6,1,chronos,extended
2018-06-29 23:00:00,39099.0,34261.9,38187.0,42561.3,1,chronos,extended
2018-06-30 00:00:00,35639.0,31448.1,34994.9,39014.5,1,chronos,extended
2018-06-30 01:00:00,32443.0,28823.5,32393.9,36177.1,1,chronos,extended
2018-06-30 02:00:00,30093.0,26719.0,30384.1,34049.1,1,chronos,extended
2018-06-30 03:00:00,28392.0,25300.3,28847.1,32654.0,1,chronos,extended
2018-06-30 04:00:00,27226.0,24543.7,27783.1,31921.0,1,chronos,extended
2018-06-30 05:00:00,26624.0,24283.6,27192.0,31471.7,1,chronos,extended
2018-06-30 06:00:00,26411.0,24118.1,27192.0,31471.7,1,chronos,extended
2018-06-30 07:00:00,27026.0,24118.1,27546.6,31684.5,1,chronos,extended
2018-06-30 08:00:00,29393.0,25300.3,28847.1,33339.7,1,chronos,extended
2018-06-30 09:00:00,32697.0,27428.4,30738.7,35467.8,1,chronos,extended
2018-06-30 10:00:00,36256.0,29556.5,33103.2,37832.3,1,chronos,extended
2018-06-30 11:00:00,39459.0,31684.5,34994.9,39960.3,1,chronos,extended
2018-06-30 12:00:00,41902.0,33103.2,36531.8,42112.1,1,chronos,extended
2018-06-30 13:00:00,43803.0,34261.9,38068.7,43980.0,1,chronos,extended
2018-06-30 14:00:00,45293.0,34994.9,39014.5,45635.2,1,chronos,extended
2018-06-30 15:00:00,46465.0,35680.6,40196.8,46628.3,1,chronos,extended
2018-06-30 16:00:00,47711.0,36177.1,41260.8,47384.9,1,chronos,extended
2018-06-30 17:00:00,48790.0,36886.5,42324.9,48259.8,1,chronos,extended
2018-06-30 18:00:00,49341.0,37335.7,42797.8,48709.1,1,chronos,extended
2018-06-30 19:00:00,49031.0,37099.3,42443.1,48496.3,1,chronos,extended
2018-06-30 20:00:00,47522.0,36626.4,41615.5,47550.4,1,chronos,extended
2018-06-30 21:00:00,45558.0,35940.7,40669.7,46581.0,1,chronos,extended
2018-06-30 22:00:00,43940.0,35444.1,39723.9,45422.4,1,chronos,extended
2018-06-30 23:00:00,40958.0,33292.4,37241.1,42845.1,1,chronos,extended
2018-07-01 00:00:00,37751.0,30478.6,34285.5,39723.9,1,chronos,extended
2018-07-01 01:00:00,34716.0,28137.8,31802.8,36673.7,1,chronos,extended
2018-07-01 02:00:00,32345.0,26482.6,29792.9,34545.6,1,chronos,extended
2018-07-01 03:00:00,30546.0,25513.1,28374.2,33103.2,1,chronos,extended
2018-07-01 04:00:00,29300.0,24803.8,27428.4,32157.4,1,chronos,extended
2018-07-01 05:00:00,28511.0,24118.1,26719.0,31684.5,1,chronos,extended
2018-07-01 06:00:00,27992.0,23881.6,26482.6,31211.6,1,chronos,extended
2018-07-01 07:00:00,28211.0,24094.4,26955.5,31235.3,1,chronos,extended
2018-07-01 08:00:00,30337.0,24354.5,27664.9,32181.1,1,chronos,extended
2018-07-01 09:00:00,33759.0,26222.5,29792.9,34522.0,1,chronos,extended
2018-07-01 10:00:00,37516.0,28350.6,32039.2,36933.8,1,chronos,extended
2018-07-01 11:00:00,41130.0,30502.3,34522.0,39511.1,1,chronos,extended
2018-07-01 12:00:00,44099.0,32606.7,36886.5,41615.5,1,chronos,extended
2018-07-01 13:00:00,46378.0,34734.8,39014.5,43980.0,1,chronos,extended
2018-07-01 14:00:00,48208.0,36413.6,40669.7,46108.1,1,chronos,extended
2018-07-01 15:00:00,49429.0,38281.5,42088.4,47786.9,1,chronos,extended
2018-07-01 16:00:00,50466.0,39487.4,43388.9,49442.1,1,chronos,extended
2018-07-01 17:00:00,51358.0,43713.7,44196.7,44679.7,1,chronos,extended
2018-07-01 18:00:00,51803.0,43955.2,44679.7,45404.2,1,chronos,extended
2018-07-01 19:00:00,51437.0,43472.1,44438.2,45404.2,1,chronos,extended
2018-07-01 20:00:00,50120.0,42240.4,43230.6,44438.2,1,chronos,extended
2018-07-01 21:00:00,48316.0,40815.5,41781.6,43230.6,1,chronos,extended
2018-07-01 22:00:00,46807.0,39608.0,40574.0,42023.1,1,chronos,extended
2018-07-01 23:00:00,43501.0,36951.3,37675.9,39124.9,1,chronos,extended
2018-07-02 00:00:00,39909.0,33570.2,34536.2,35985.3,1,chronos,extended
2018-07-02 01:00:00,36627.0,31155.0,32121.1,33087.1,1,chronos,extended
2018-07-02 02:00:00,34288.0,29222.9,30189.0,31179.2,1,chronos,extended
2018-07-02 03:00:00,32552.0,28015.4,28981.4,29947.5,1,chronos,extended
2018-07-02 04:00:00,31450.0,27290.8,28015.4,29464.5,1,chronos,extended
2018-07-02 05:00:00,31246.0,27290.8,28015.4,29464.5,1,chronos,extended
2018-07-02 06:00:00,32035.0,28232.7,28981.4,30430.5,1,chronos,extended
2018-07-02 07:00:00,34136.0,29947.5,31155.0,32362.6,1,chronos,extended
2018-07-02 08:00:00,37526.0,32096.9,33328.6,34777.7,1,chronos,extended
2018-07-02 09:00:00,40987.0,33811.7,35502.2,36975.5,1,chronos,extended
2018-07-02 10:00:00,44377.0,35502.2,37313.6,39366.4,1,chronos,extended
2018-07-02 11:00:00,47740.0,36709.8,38883.4,41322.7,1,chronos,extended
2018-07-02 12:00:00,50475.0,38134.7,40332.5,43013.3,1,chronos,extended
2018-07-02 13:00:00,52533.0,39124.9,41781.6,44679.7,1,chronos,extended
2018-07-02 14:00:00,54170.0,40091.0,42989.1,45887.3,1,chronos,extended
2018-07-02 15:00:00,55159.0,41274.4,44196.7,47119.0,1,chronos,extended
2018-07-02 16:00:00,55836.0,41781.6,45162.7,48302.4,1,chronos,extended
2018-07-02 17:00:00,56430.0,42506.1,45887.3,48592.2,1,chronos,extended
2018-07-02 18:00:00,56609.0,42699.3,45887.3,49026.9,1,chronos,extended
2018-07-02 19:00:00,56231.0,41757.4,45162.7,48543.9,1,chronos,extended
2018-07-02 20:00:00,54644.0,40091.0,43713.7,47119.0,1,chronos,extended
2018-07-02 21:00:00,52757.0,39100.8,42143.8,46128.8,1,chronos,extended
2018-07-02 22:00:00,50685.0,37675.9,40694.8,44679.7,1,chronos,extended
2018-07-02 23:00:00,46833.0,35019.2,37434.3,41298.5,1,chronos,extended
2018-07-03 00:00:00,42919.0,32096.9,34294.7,37700.0,1,chronos,extended
2018-07-03 01:00:00,39641.0,29681.8,31638.1,35260.7,1,chronos,extended
2018-07-03 02:00:00,37091.0,27532.4,29947.5,33111.3,1,chronos,extended
2018-07-03 03:00:00,35334.0,26083.3,28739.9,31638.1,1,chronos,extended
2018-07-03 04:00:00,34189.0,25358.8,28015.4,30696.2,1,chronos,extended
2018-07-03 05:00:00,33912.0,25576.1,27773.9,30672.0,1,chronos,extended
2018-07-03 06:00:00,34734.0,26542.2,28739.9,31879.6,1,chronos,extended
2018-07-03 07:00:00,36759.0,28256.9,30672.0,34053.2,1,chronos,extended
2018-07-03 08:00:00,39728.0,30164.8,32845.6,36468.3,1,chronos,extended
2018-07-03 09:00:00,42680.0,31613.9,34657.0,38641.9,1,chronos,extended
2018-07-03 10:00:00,45766.0,32845.6,36226.8,40598.1,1,chronos,extended
2018-07-03 11:00:00,48876.0,34053.2,37675.9,42506.1,1,chronos,extended
2018-07-03 12:00:00,51603.0,35019.2,39124.9,43955.2,1,chronos,extended
2018-07-03 13:00:00,53623.0,35961.1,40332.5,45162.7,1,chronos,extended
2018-07-03 14:00:00,54852.0,36444.1,41540.0,46128.8,1,chronos,extended
2018-07-03 15:00:00,54908.0,37144.5,42506.1,47094.8,1,chronos,extended
2018-07-03 16:00:00,54908.0,37893.2,43472.1,47819.4,1,chronos,extended
2018-07-03 17:00:00,54724.0,38400.4,43955.2,48326.5,1,chronos,extended
2018-07-03 18:00:00,53679.0,38859.3,43713.7,48543.9,1,chronos,extended
2018-07-03 19:00:00,51788.0,38134.7,42989.1,47819.4,1,chronos,extended
2018-07-03 20:00:00,49244.0,36709.8,41540.0,46394.4,1,chronos,extended
2018-07-03 21:00:00,47292.0,35502.2,40211.7,44921.2,1,chronos,extended
2018-07-03 22:00:00,45506.0,34536.2,39124.9,43496.3,1,chronos,extended
2018-07-03 23:00:00,42437.0,31879.6,35985.3,39897.8,1,chronos,extended
2018-07-04 00:00:00,39340.0,29222.9,32845.6,36709.8,1,chronos,extended
2018-07-04 01:00:00,36317.0,26807.8,30430.5,33811.7,1,chronos,extended
2018-07-04 02:00:00,34060.0,25117.2,28498.4,31662.2,1,chronos,extended
2018-07-04 03:00:00,32477.0,23909.7,27290.8,30430.5,1,chronos,extended
2018-07-04 04:00:00,31306.0,23402.5,26566.3,29706.0,1,chronos,extended
2018-07-04 05:00:00,30707.0,23426.7,26807.8,29706.0,1,chronos,extended
2018-07-04 06:00:00,30668.0,24392.7,27773.9,30430.5,1,chronos,extended
2018-07-04 07:00:00,31027.0,26083.3,29706.0,32604.1,1,chronos,extended
2018-07-04 08:00:00,32565.0,28232.7,31758.8,34777.7,1,chronos,extended
2018-07-04 09:00:00,35299.0,32932.0,33431.0,33929.9,1,chronos,extended
2018-07-04 10:00:00,38405.0,34179.4,34927.9,35701.3,1,chronos,extended
2018-07-04 11:00:00,41539.0,35177.4,36175.3,37422.7,1,chronos,extended
2018-07-04 12:00:00,44266.0,36175.3,37422.7,38944.6,1,chronos,extended
2018-07-04 13:00:00,46164.0,36923.8,38420.7,40666.0,1,chronos,extended
2018-07-04 14:00:00,47275.0,37422.7,39418.6,41938.4,1,chronos,extended
2018-07-04 15:00:00,47767.0,38146.2,40416.6,43160.9,1,chronos,extended
2018-07-04 16:00:00,47897.0,38370.8,41414.5,44158.8,1,chronos,extended
2018-07-04 17:00:00,47504.0,38395.7,41913.5,44907.3,1,chronos,extended
2018-07-04 18:00:00,46611.0,38171.2,41913.5,44932.2,1,chronos,extended
2018-07-04 19:00:00,44964.0,37647.3,41165.0,44183.8,1,chronos,extended
2018-07-04 20:00:00,43361.0,36424.8,39917.6,42911.4,1,chronos,extended
2018-07-04 21:00:00,42157.0,35676.3,38919.6,41165.0,1,chronos,extended
2018-07-04 22:00:00,40860.0,34678.4,38046.4,40167.1,1,chronos,extended
2018-07-04 23:00:00,39131.0,31934.1,35177.4,37173.2,1,chronos,extended
2018-07-05 00:00:00,36699.0,29189.7,32308.3,33954.9,1,chronos,extended
2018-07-05 01:00:00,34220.0,27193.9,29938.2,31435.1,1,chronos,extended
2018-07-05 02:00:00,32368.0,25696.9,28191.8,29688.7,1,chronos,extended
2018-07-05 03:00:00,31209.0,24699.0,26944.4,28441.3,1,chronos,extended
2018-07-05 04:00:00,30749.0,24200.0,26445.4,27692.8,1,chronos,extended
2018-07-05 05:00:00,30872.0,24200.0,26694.9,27942.3,1,chronos,extended
2018-07-05 06:00:00,31845.0,25173.0,27568.1,28940.2,1,chronos,extended
2018-07-05 07:00:00,33894.0,26944.4,29439.2,30936.1,1,chronos,extended
2018-07-05 08:00:00,36956.0,28690.8,31435.1,32932.0,1,chronos,extended
2018-07-05 09:00:00,39443.0,30187.7,33181.5,34927.9,1,chronos,extended
2018-07-05 10:00:00,42013.0,31185.6,34428.9,36424.8,1,chronos,extended
2018-07-05 11:00:00,44632.0,32183.6,35676.3,37946.6,1,chronos,extended
2018-07-05 12:00:00,46809.0,32932.0,36923.8,39443.6,1,chronos,extended
2018-07-05 13:00:00,48646.0,33655.5,37921.7,40915.5,1,chronos,extended
2018-07-05 14:00:00,50094.0,33929.9,39044.4,42187.9,1,chronos,extended
2018-07-05 15:00:00,50858.0,34428.9,40042.3,43659.9,1,chronos,extended
2018-07-05 16:00:00,51351.0,35177.4,41040.3,44657.8,1,chronos,extended
2018-07-05 17:00:00,52045.0,35426.9,41913.5,45655.7,1,chronos,extended
2018-07-05 18:00:00,52503.0,35875.9,41913.5,46154.7,1,chronos,extended
2018-07-05 19:00:00,51786.0,35177.4,41040.3,45431.2,1,chronos,extended
2018-07-05 20:00:00,50066.0,34653.4,39792.8,44158.8,1,chronos,extended
2018-07-05 21:00:00,48431.0,34154.5,38670.2,42412.4,1,chronos,extended
2018-07-05 22:00:00,46736.0,33406.0,37422.7,40915.5,1,chronos,extended
2018-07-05 23:00:00,43432.0,31435.1,34927.9,37672.2,1,chronos,extended
2018-07-06 00:00:00,40087.0,28915.3,32183.6,34428.9,1,chronos,extended
2018-06-29 01:00:00,31942.0,28284.7,30999.8,33714.9,1,lstm,extended
2018-06-29 02:00:00,29691.0,27085.2,29609.0,32132.7,1,lstm,extended
2018-06-29 03:00:00,28338.0,24938.0,27346.8,29755.5,1,lstm,extended
2018-06-29 04:00:00,27376.0,25708.7,28035.6,30362.6,1,lstm,extended
2018-06-29 05:00:00,27318.0,25873.8,28195.8,30517.9,1,lstm,extended
2018-06-29 06:00:00,28185.0,27327.5,29723.2,32119.0,1,lstm,extended
2018-06-29 07:00:00,30251.0,27869.0,30440.3,33011.6,1,lstm,extended
2018-06-29 08:00:00,33322.0,30645.9,33478.3,36310.6,1,lstm,extended
2018-06-29 09:00:00,36101.0,32219.3,35287.9,38356.4,1,lstm,extended
2018-06-29 10:00:00,38540.0,33563.2,36839.1,40115.0,1,lstm,extended
2018-06-29 11:00:00,40893.0,37079.0,40554.9,44030.8,1,lstm,extended
2018-06-29 12:00:00,42865.0,37232.0,40875.5,44519.1,1,lstm,extended
2018-06-29 13:00:00,44489.0,37871.3,41652.8,45434.4,1,lstm,extended
2018-06-29 14:00:00,45791.0,39137.9,43030.1,46922.4,1,lstm,extended
2018-06-29 15:00:00,46826.0,39209.3,43189.5,47169.7,1,lstm,extended
2018-06-29 16:00:00,47825.0,41916.1,45981.2,50046.3,1,lstm,extended
2018-06-29 17:00:00,48752.0,41463.8,45607.8,49751.7,1,lstm,extended
2018-06-29 18:00:00,49105.0,41887.3,46061.2,50235.1,1,lstm,extended
2018-06-29 19:00:00,48321.0,39516.4,43623.7,47731.0,1,lstm,extended
2018-06-29 20:00:00,46534.0,39678.7,43634.1,47589.5,1,lstm,extended
2018-06-29 21:00:00,44158.0,38026.2,41779.7,45533.1,1,lstm,extended
2018-06-29 22:00:00,42343.0,36905.9,40505.0,44104.2,1,lstm,extended
2018-06-29 23:00:00,39099.0,34363.3,37686.7,41010.1,1,lstm,extended
2018-06-30 00:00:00,35639.0,31914.7,34944.0,37973.3,1,lstm,extended
2018-06-30 01:00:00,32443.0,29327.6,32085.3,34842.9,1,lstm,extended
2018-06-30 02:00:00,30093.0,27983.2,30541.1,33099.0,1,lstm,extended
2018-06-30 03:00:00,28392.0,25554.6,27967.9,30381.2,1,lstm,extended
2018-06-30 04:00:00,27226.0,25271.9,27586.1,29900.3,1,lstm,extended
2018-06-30 05:00:00,26624.0,24731.2,26994.3,29257.3,1,lstm,extended
2018-06-30 06:00:00,26411.0,24416.8,26661.7,28906.7,1,lstm,extended
2018-06-30 07:00:00,27026.0,25816.4,28113.6,30410.8,1,lstm,extended
2018-06-30 08:00:00,29393.0,26702.9,29201.3,31699.7,1,lstm,extended
2018-06-30 09:00:00,32697.0,28064.1,30843.3,33622.6,1,lstm,extended
2018-06-30 10:00:00,36256.0,29460.0,32541.8,35623.6,1,lstm,extended
2018-06-30 11:00:00,39459.0,31673.1,35027.1,38381.1,1,lstm,extended
2018-06-30 12:00:00,41902.0,34966.0,38527.6,42089.3,1,lstm,extended
2018-06-30 13:00:00,43803.0,34597.7,38321.0,42044.2,1,lstm,extended
2018-06-30 14:00:00,45293.0,34224.3,38074.2,41924.1,1,lstm,extended
2018-06-30 15:00:00,46465.0,36536.8,40486.4,44435.9,1,lstm,extended
2018-06-30 16:00:00,47711.0,37730.6,41786.1,45841.5,1,lstm,extended
2018-06-30 17:00:00,48790.0,38464.5,42611.7,46758.8,1,lstm,extended
2018-06-30 18:00:00,49341.0,37483.7,41677.7,45871.7,1,lstm,extended
2018-06-30 19:00:00,49031.0,38393.6,42561.3,46728.9,1,lstm,extended
2018-06-30 20:00:00,47522.0,36898.4,40937.8,44977.2,1,lstm,extended
2018-06-30 21:00:00,45558.0,36572.2,40444.7,44317.1,1,lstm,extended
2018-06-30 22:00:00,43940.0,35152.9,38887.8,42622.7,1,lstm,extended
2018-06-30 23:00:00,40958.0,31785.7,35267.1,38748.5,1,lstm,extended
2018-07-01 00:00:00,37751.0,30807.5,34016.3,37225.2,1,lstm,extended
2018-07-01 01:00:00,34716.0,28867.2,31818.0,34768.9,1,lstm,extended
2018-07-01 02:00:00,32345.0,27369.6,30119.0,32868.3,1,lstm,extended
2018-07-01 03:00:00,30546.0,25486.2,28082.6,30679.0,1,lstm,extended
2018-07-01 04:00:00,29300.0,25949.4,28439.9,30930.4,1,lstm,extended
2018-07-01 05:00:00,28511.0,23569.6,25993.0,28416.5,1,lstm,extended
2018-07-01 06:00:00,27992.0,23671.1,26050.4,28429.7,1,lstm,extended
2018-07-01 07:00:00,28211.0,24728.2,27126.2,29524.1,1,lstm,extended
2018-07-01 08:00:00,30337.0,25124.9,27703.6,30282.2,1,lstm,extended
2018-07-01 09:00:00,33759.0,27291.4,30161.0,33030.5,1,lstm,extended
2018-07-01 10:00:00,37516.0,29513.1,32702.0,35890.9,1,lstm,extended
2018-07-01 11:00:00,41130.0,31809.8,35305.8,38801.9,1,lstm,extended
2018-07-01 12:00:00,44099.0,34095.4,37843.8,41592.2,1,lstm,extended
2018-07-01 13:00:00,46378.0,33949.3,37891.4,41833.5,1,lstm,extended
2018-07-01 14:00:00,48208.0,36109.4,40207.0,44304.7,1,lstm,extended
2018-07-01 15:00:00,49429.0,37879.5,42081.0,46282.4,1,lstm,extended
2018-07-01 16:00:00,50466.0,39315.4,43605.0,47894.6,1,lstm,extended
2018-07-01 17:00:00,51358.0,39249.8,43615.2,47980.7,1,lstm,extended
2018-07-01 18:00:00,51803.0,41772.8,46176.1,50579.3,1,lstm,extended
2018-07-01 19:00:00,51437.0,39652.1,44024.2,48396.4,1,lstm,extended
2018-07-01 20:00:00,50120.0,39456.9,43717.1,47977.3,1,lstm,extended
2018-07-01 21:00:00,48316.0,37680.6,41787.4,45894.3,1,lstm,extended
2018-07-01 22:00:00,46807.0,37276.7,41255.3,45233.9,1,lstm,extended
2018-07-01 23:00:00,43501.0,35174.0,38871.6,42569.2,1,lstm,extended
2018-07-02 00:00:00,39909.0,32585.4,35977.7,39369.9,1,lstm,extended
2018-07-02 01:00:00,36627.0,29493.4,32606.7,35720.0,1,lstm,extended
2018-07-02 02:00:00,34288.0,27820.2,30734.6,33649.1,1,lstm,extended
2018-07-02 03:00:00,32552.0,26282.3,29049.2,31816.1,1,lstm,extended
2018-07-02 04:00:00,31450.0,26098.2,28771.4,31444.7,1,lstm,extended
2018-07-02 05:00:00,31246.0,26192.7,28848.6,31504.5,1,lstm,extended
2018-07-02 06:00:00,32035.0,26566.2,29289.1,32012.1,1,lstm,extended
2018-07-02 07:00:00,34136.0,28107.1,31008.7,33910.2,1,lstm,extended
2018-07-02 08:00:00,37526.0,30360.9,33550.6,36740.3,1,lstm,extended
2018-07-02 09:00:00,40987.0,33186.8,36670.6,40154.5,1,lstm,extended
2018-07-02 10:00:00,44377.0,35074.4,38846.4,42618.5,1,lstm,extended
2018-07-02 11:00:00,47740.0,36036.0,40093.9,44151.8,1,lstm,extended
2018-07-02 12:00:00,50475.0,38445.1,42735.4,47025.8,1,lstm,extended
2018-07-02 13:00:00,52533.0,40320.0,44785.3,49250.6,1,lstm,extended
2018-07-02 14:00:00,54170.0,40713.7,45318.1,49922.6,1,lstm,extended
2018-07-02 15:00:00,55159.0,42073.6,46762.1,51450.6,1,lstm,extended
2018-07-02 16:00:00,55836.0,44002.0,48748.1,53494.1,1,lstm,extended
2018-07-02 17:00:00,56430.0,41777.7,46574.3,51370.8,1,lstm,extended
2018-07-02 18:00:00,56609.0,42509.9,47321.6,52133.4,1,lstm,extended
2018-07-02 19:00:00,56231.0,41783.8,46563.4,51343.1,1,lstm,extended
2018-07-02 20:00:00,54644.0,42891.5,47536.2,52181.0,1,lstm,extended
2018-07-02 21:00:00,52757.0,40516.2,45000.5,49484.9,1,lstm,extended
2018-07-02 22:00:00,50685.0,38367.1,42675.3,46983.5,1,lstm,extended
2018-07-02 23:00:00,46833.0,36915.0,40895.8,44876.6,1,lstm,extended
2018-07-03 00:00:00,42919.0,32406.6,36054.7,39702.8,1,lstm,extended
2018-07-03 01:00:00,39641.0,30024.6,33394.1,36763.6,1,lstm,extended
2018-07-03 02:00:00,37091.0,28027.0,31179.7,34332.4,1,lstm,extended
2018-07-03 03:00:00,35334.0,27115.7,30119.1,33122.5,1,lstm,extended
2018-07-03 04:00:00,34189.0,26845.2,29751.3,32657.4,1,lstm,extended
2018-07-03 05:00:00,33912.0,26080.6,28963.2,31845.7,1,lstm,extended
2018-07-03 06:00:00,34734.0,27316.8,30269.2,33221.5,1,lstm,extended
2018-07-03 07:00:00,36759.0,27792.8,30917.3,34041.8,1,lstm,extended
2018-07-03 08:00:00,39728.0,30370.8,33747.7,37124.5,1,lstm,extended
2018-07-03 09:00:00,42680.0,33501.1,37128.9,40756.7,1,lstm,extended
2018-07-03 10:00:00,45766.0,34051.5,37941.6,41831.7,1,lstm,extended
2018-07-03 11:00:00,48876.0,39206.9,43361.4,47515.8,1,lstm,extended
2018-07-03 12:00:00,51603.0,38093.8,42480.1,46866.3,1,lstm,extended
2018-07-03 13:00:00,53623.0,41426.3,45984.3,50542.2,1,lstm,extended
2018-07-03 14:00:00,54852.0,41118.9,45781.3,50443.8,1,lstm,extended
2018-07-03 15:00:00,54908.0,42422.4,47089.6,51756.8,1,lstm,extended
2018-07-03 16:00:00,54908.0,43575.3,48242.5,52909.7,1,lstm,extended
2018-07-03 17:00:00,54724.0,42694.1,47345.6,51997.2,1,lstm,extended
2018-07-03 18:00:00,53679.0,43327.4,47890.2,52452.9,1,lstm,extended
2018-07-03 19:00:00,51788.0,42324.4,46726.4,51128.3,1,lstm,extended
2018-07-03 20:00:00,49244.0,40141.8,44327.5,48513.3,1,lstm,extended
2018-07-03 21:00:00,47292.0,40004.6,44024.4,48044.2,1,lstm,extended
2018-07-03 22:00:00,45506.0,37965.7,41833.7,45701.7,1,lstm,extended
2018-07-03 23:00:00,42437.0,33947.6,37554.8,41161.9,1,lstm,extended
2018-07-04 00:00:00,39340.0,32961.3,36305.2,39649.1,1,lstm,extended
2018-07-04 01:00:00,36317.0,29532.6,32619.5,35706.5,1,lstm,extended
2018-07-04 02:00:00,34060.0,27379.6,30274.7,33169.8,1,lstm,extended
2018-07-04 03:00:00,32477.0,27504.6,30265.1,33025.7,1,lstm,extended
2018-07-04 04:00:00,31306.0,27065.6,29726.6,32387.6,1,lstm,extended
2018-07-04 05:00:00,30707.0,26801.7,29411.8,32021.8,1,lstm,extended
2018-07-04 06:00:00,30668.0,26981.0,29587.8,32194.6,1,lstm,extended
2018-07-04 07:00:00,31027.0,28907.9,31545.1,34182.4,1,lstm,extended
2018-07-04 08:00:00,32565.0,30423.1,33191.2,35959.2,1,lstm,extended
2018-07-04 09:00:00,35299.0,33148.8,36149.2,39149.7,1,lstm,extended
2018-07-04 10:00:00,38405.0,34178.5,37443.0,40707.4,1,lstm,extended
2018-07-04 11:00:00,41539.0,36837.2,40368.0,43898.8,1,lstm,extended
2018-07-04 12:00:00,44266.0,37466.7,41229.3,44991.9,1,lstm,extended
2018-07-04 13:00:00,46164.0,38090.8,42014.8,45938.7,1,lstm,extended
2018-07-04 14:00:00,47275.0,40069.3,44087.6,48106.0,1,lstm,extended
2018-07-04 15:00:00,47767.0,39126.4,43186.6,47246.8,1,lstm,extended
2018-07-04 16:00:00,47897.0,39574.6,43645.8,47717.1,1,lstm,extended
2018-07-04 17:00:00,47504.0,39008.1,43046.0,47083.8,1,lstm,extended
2018-07-04 18:00:00,46611.0,38737.1,42699.0,46661.0,1,lstm,extended
2018-07-04 19:00:00,44964.0,37053.9,40875.9,44697.8,1,lstm,extended
2018-07-04 20:00:00,43361.0,37748.3,41434.0,45119.7,1,lstm,extended
2018-07-04 21:00:00,42157.0,35683.0,39266.4,42849.7,1,lstm,extended
2018-07-04 22:00:00,40860.0,35331.9,38805.0,42278.1,1,lstm,extended
2018-07-04 23:00:00,39131.0,32588.0,35914.1,39240.3,1,lstm,extended
2018-07-05 00:00:00,36699.0,30767.2,33886.7,37006.1,1,lstm,extended
2018-07-05 01:00:00,34220.0,28354.9,31263.6,34172.3,1,lstm,extended
2018-07-05 02:00:00,32368.0,26634.9,29386.2,32137.5,1,lstm,extended
2018-07-05 03:00:00,31209.0,25821.4,28474.2,31127.0,1,lstm,extended
2018-07-05 04:00:00,30749.0,25801.2,28414.8,31028.5,1,lstm,extended
2018-07-05 05:00:00,30872.0,25616.3,28240.5,30864.6,1,lstm,extended
2018-07-05 06:00:00,31845.0,25062.3,27769.1,30475.9,1,lstm,extended
2018-07-05 07:00:00,33894.0,27024.8,29905.8,32786.7,1,lstm,extended
2018-07-05 08:00:00,36956.0,28076.7,31217.9,34359.2,1,lstm,extended
2018-07-05 09:00:00,39443.0,29813.4,33166.1,36518.7,1,lstm,extended
2018-07-05 10:00:00,42013.0,32774.9,36346.0,39917.2,1,lstm,extended
2018-07-05 11:00:00,44632.0,32216.1,36009.8,39803.5,1,lstm,extended
2018-07-05 12:00:00,46809.0,35164.4,39143.1,43121.9,1,lstm,extended
2018-07-05 13:00:00,48646.0,35717.9,39852.8,43987.7,1,lstm,extended
2018-07-05 14:00:00,50094.0,36109.4,40367.4,44625.4,1,lstm,extended
2018-07-05 15:00:00,50858.0,37061.7,41384.6,45707.6,1,lstm,extended
2018-07-05 16:00:00,51351.0,38115.9,42480.8,46845.6,1,lstm,extended
2018-07-05 17:00:00,52045.0,37915.2,42339.0,46762.9,1,lstm,extended
2018-07-05 18:00:00,52503.0,37668.7,42131.5,46594.2,1,lstm,extended
2018-07-05 19:00:00,51786.0,36593.1,40994.9,45396.8,1,lstm,extended
2018-07-05 20:00:00,50066.0,35155.7,39411.3,43666.9,1,lstm,extended
2018-07-05 21:00:00,48431.0,33764.3,37880.9,41997.5,1,lstm,extended
2018-07-05 22:00:00,46736.0,33334.2,37306.8,41279.3,1,lstm,extended
2018-07-05 23:00:00,43432.0,33427.4,37119.1,40810.8,1,lstm,extended
2018-07-06 00:00:00,40087.0,29432.1,32839.5,36246.9,1,lstm,extended
2018-07-06 01:00:00,37168.0,29390.7,33012.8,36206.1,2,xgboost,primary
2018-07-06 02:00:00,35164.0,27990.5,31535.9,34152.6,2,xgboost,primary
2018-07-06 03:00:00,33844.0,27311.2,30163.6,33049.4,2,xgboost,primary
2018-07-06 04:00:00,33133.0,26954.0,29878.9,32252.1,2,xgboost,primary
2018-07-06 05:00:00,33129.0,27255.1,30114.0,32338.9,2,xgboost,primary
2018-07-06 06:00:00,34020.0,27808.8,30887.2,33423.8,2,xgboost,primary
2018-07-06 07:00:00,35573.0,29235.1,33026.0,35827.4,2,xgboost,primary
2018-07-06 08:00:00,37575.0,31877.7,36267.5,39204.2,2,xgboost,primary
2018-07-06 09:00:00,39381.0,33651.2,38645.1,41831.2,2,xgboost,primary
2018-07-06 10:00:00,40621.0,35166.9,41448.0,44537.9,2,xgboost,primary
2018-07-06 11:00:00,41668.0,37187.5,44016.0,47309.1,2,xgboost,primary
2018-07-06 12:00:00,42539.0,37702.4,45386.5,48687.6,2,xgboost,primary
2018-07-06 13:00:00,42955.0,39412.3,47417.5,50510.8,2,xgboost,primary
2018-07-06 14:00:00,43241.0,39707.7,48354.8,51522.6,2,xgboost,primary
2018-07-06 15:00:00,43594.0,39905.7,48807.4,51798.6,2,xgboost,primary
2018-07-06 16:00:00,43843.0,39923.4,48445.7,51619.2,2,xgboost,primary
2018-07-06 17:00:00,43890.0,40836.3,48652.0,52127.4,2,xgboost,primary
2018-07-06 18:00:00,43651.0,41396.5,49080.2,52120.6,2,xgboost,primary
2018-07-06 19:00:00,42606.0,40190.6,47585.8,51356.8,2,xgboost,primary
2018-07-06 20:00:00,40731.0,40007.7,47181.0,51177.3,2,xgboost,primary
2018-07-06 21:00:00,38882.0,39203.6,45411.3,49314.8,2,xgboost,primary
2018-07-06 22:00:00,37544.0,38004.4,44005.6,48262.3,2,xgboost,primary
2018-07-06 23:00:00,34647.0,35698.4,40796.2,45389.8,2,xgboost,primary
2018-07-07 00:00:00,31602.0,32576.3,37548.2,40903.1,2,xgboost,primary
2018-07-06 01:00:00,37168.0,36352.3,37148.4,37679.0,2,chronos,primary
2018-07-06 02:00:00,35164.0,34229.6,35025.6,35556.3,2,chronos,primary
2018-07-06 03:00:00,33844.0,32637.5,33698.9,34494.9,2,chronos,primary
2018-07-06 04:00:00,33133.0,31576.1,32902.8,33964.2,2,chronos,primary
2018-07-06 05:00:00,33129.0,31310.8,32637.5,33964.2,2,chronos,primary
2018-07-06 06:00:00,34020.0,32106.8,33698.9,35025.6,2,chronos,primary
2018-07-06 07:00:00,35573.0,34229.6,35556.3,37413.7,2,chronos,primary
2018-07-06 08:00:00,37575.0,36883.0,38209.7,40332.5,2,chronos,primary
2018-07-06 09:00:00,39381.0,39536.5,40863.2,43251.3,2,chronos,primary
2018-07-06 10:00:00,40621.0,42189.9,43516.6,46170.1,2,chronos,primary
2018-07-06 11:00:00,41668.0,44312.7,46170.1,49088.9,2,chronos,primary
2018-07-06 12:00:00,42539.0,46170.1,48292.9,51238.2,2,chronos,primary
2018-07-06 13:00:00,42955.0,47762.2,50150.3,53334.4,2,chronos,primary
2018-07-06 14:00:00,43241.0,48823.6,51477.0,54687.7,2,chronos,primary
2018-07-06 15:00:00,43594.0,49593.1,52538.4,55987.9,2,chronos,primary
2018-07-06 16:00:00,43843.0,49858.4,53467.1,57049.3,2,chronos,primary
2018-07-06 17:00:00,43890.0,50150.3,53599.8,57579.9,2,chronos,primary
2018-07-06 18:00:00,43651.0,49858.4,53865.1,57579.9,2,chronos,primary
2018-07-06 19:00:00,42606.0,48478.6,53201.8,57049.3,2,chronos,primary
2018-07-06 20:00:00,40731.0,46594.6,51477.0,55457.2,2,chronos,primary
2018-07-06 21:00:00,38882.0,44710.7,49354.2,53626.3,2,chronos,primary
2018-07-06 22:00:00,37544.0,42428.7,47496.8,52034.2,2,chronos,primary
2018-07-06 23:00:00,34647.0,39271.1,43782.0,48584.7,2,chronos,primary
2018-07-07 00:00:00,31602.0,36352.3,40199.8,44578.0,2,chronos,primary
2018-07-06 01:00:00,37168.0,32726.8,35886.1,39045.4,2,lstm,primary
2018-07-06 02:00:00,35164.0,30740.6,33729.6,36718.5,2,lstm,primary
2018-07-06 03:00:00,33844.0,29255.7,32132.4,35009.2,2,lstm,primary
2018-07-06 04:00:00,33133.0,28948.1,31764.4,34580.7,2,lstm,primary
2018-07-06 05:00:00,33129.0,28272.3,31088.3,33904.3,2,lstm,primary
2018-07-06 06:00:00,34020.0,29513.4,32405.1,35296.8,2,lstm,primary
2018-07-06 07:00:00,35573.0,31399.9,34423.6,37447.3,2,lstm,primary
2018-07-06 08:00:00,37575.0,33567.8,36761.7,39955.6,2,lstm,primary
2018-07-06 09:00:00,39381.0,35771.6,39119.0,42466.4,2,lstm,primary
2018-07-06 10:00:00,40621.0,39389.9,42842.7,46295.4,2,lstm,primary
2018-07-06 11:00:00,41668.0,41105.4,44647.1,48188.9,2,lstm,primary
2018-07-06 12:00:00,42539.0,43340.3,46956.1,50571.9,2,lstm,primary
2018-07-06 13:00:00,42955.0,46158.8,49810.0,53461.2,2,lstm,primary
2018-07-06 14:00:00,43241.0,46319.9,49995.3,53670.8,2,lstm,primary
2018-07-06 15:00:00,43594.0,47127.6,50833.1,54538.6,2,lstm,primary
2018-07-06 16:00:00,43843.0,47138.4,50865.0,54591.7,2,lstm,primary
2018-07-06 17:00:00,43890.0,49247.0,52977.6,56708.3,2,lstm,primary
2018-07-06 18:00:00,43651.0,47348.8,51059.2,54769.5,2,lstm,primary
2018-07-06 19:00:00,42606.0,46848.4,50469.9,54091.4,2,lstm,primary
2018-07-06 20:00:00,40731.0,45564.0,49026.1,52488.3,2,lstm,primary
2018-07-06 21:00:00,38882.0,44952.3,48257.3,51562.3,2,lstm,primary
2018-07-06 22:00:00,37544.0,43720.1,46911.4,50102.6,2,lstm,primary
2018-07-06 23:00:00,34647.0,39952.3,42897.3,45842.3,2,lstm,primary
2018-07-07 00:00:00,31602.0,36003.8,38690.0,41376.1,2,lstm,primary
2018-07-06 01:00:00,37168.0,29390.7,33012.8,36206.1,2,xgboost,extended
2018-07-06 02:00:00,35164.0,27990.5,31535.9,34152.6,2,xgboost,extended
2018-07-06 03:00:00,33844.0,27311.2,30163.6,33049.4,2,xgboost,extended
2018-07-06 04:00:00,33133.0,26954.0,29878.9,32252.1,2,xgboost,extended
2018-07-06 05:00:00,33129.0,27255.1,30114.0,32338.9,2,xgboost,extended
2018-07-06 06:00:00,34020.0,27808.8,30887.2,33423.8,2,xgboost,extended
2018-07-06 07:00:00,35573.0,29235.1,33026.0,35827.4,2,xgboost,extended
2018-07-06 08:00:00,37575.0,31877.7,36267.5,39204.2,2,xgboost,extended
2018-07-06 09:00:00,39381.0,33651.2,38645.1,41831.2,2,xgboost,extended
2018-07-06 10:00:00,40621.0,35166.9,41448.0,44537.9,2,xgboost,extended
2018-07-06 11:00:00,41668.0,37187.5,44016.0,47309.1,2,xgboost,extended
2018-07-06 12:00:00,42539.0,37702.4,45386.5,48687.6,2,xgboost,extended
2018-07-06 13:00:00,42955.0,39412.3,47417.5,50510.8,2,xgboost,extended
2018-07-06 14:00:00,43241.0,39707.7,48354.8,51522.6,2,xgboost,extended
2018-07-06 15:00:00,43594.0,39905.7,48807.4,51798.6,2,xgboost,extended
2018-07-06 16:00:00,43843.0,39923.4,48445.7,51619.2,2,xgboost,extended
2018-07-06 17:00:00,43890.0,40836.3,48652.0,52127.4,2,xgboost,extended
2018-07-06 18:00:00,43651.0,41396.5,49080.2,52120.6,2,xgboost,extended
2018-07-06 19:00:00,42606.0,40190.6,47585.8,51356.8,2,xgboost,extended
2018-07-06 20:00:00,40731.0,40007.7,47181.0,51177.3,2,xgboost,extended
2018-07-06 21:00:00,38882.0,39203.6,45411.3,49314.8,2,xgboost,extended
2018-07-06 22:00:00,37544.0,38004.4,44005.6,48262.3,2,xgboost,extended
2018-07-06 23:00:00,34647.0,35698.4,40796.2,45389.8,2,xgboost,extended
2018-07-07 00:00:00,31602.0,32576.3,37548.2,40903.1,2,xgboost,extended
2018-07-07 01:00:00,28643.0,29992.4,35253.2,37759.0,2,xgboost,extended
2018-07-07 02:00:00,26556.0,28441.1,32747.4,36047.0,2,xgboost,extended
2018-07-07 03:00:00,25035.0,27073.8,31399.2,34662.0,2,xgboost,extended
2018-07-07 04:00:00,24081.0,26589.0,30630.7,33858.6,2,xgboost,extended
2018-07-07 05:00:00,23519.0,26269.6,29868.9,33443.7,2,xgboost,extended
2018-07-07 06:00:00,23358.0,26325.9,29436.5,33671.6,2,xgboost,extended
2018-07-07 07:00:00,23663.0,27036.4,30165.5,34869.1,2,xgboost,extended
2018-07-07 08:00:00,24818.0,28735.5,31811.2,36059.1,2,xgboost,extended
2018-07-07 09:00:00,26449.0,30129.5,34202.2,37931.8,2,xgboost,extended
2018-07-07 10:00:00,27693.0,31929.8,35947.1,39855.5,2,xgboost,extended
2018-07-07 11:00:00,28681.0,32972.3,37583.1,41284.1,2,xgboost,extended
2018-07-07 12:00:00,29421.0,33628.0,37787.4,42227.0,2,xgboost,extended
2018-07-07 13:00:00,29976.0,33712.2,37973.0,42470.6,2,xgboost,extended
2018-07-07 14:00:00,30565.0,34045.9,38403.1,42808.4,2,xgboost,extended
2018-07-07 15:00:00,31347.0,34270.5,38647.3,42921.5,2,xgboost,extended
2018-07-07 16:00:00,32356.0,34437.1,39176.9,43225.7,2,xgboost,extended
2018-07-07 17:00:00,33430.0,34439.6,39396.3,43737.7,2,xgboost,extended
2018-07-07 18:00:00,34233.0,34361.8,39432.0,43895.0,2,xgboost,extended
2018-07-07 19:00:00,34170.0,34110.9,38961.3,43845.3,2,xgboost,extended
2018-07-07 20:00:00,33101.0,33544.5,38651.4,42212.3,2,xgboost,extended
2018-07-07 21:00:00,31614.0,32604.2,36860.7,41466.1,2,xgboost,extended
2018-07-07 22:00:00,30855.0,32036.9,35827.3,40388.7,2,xgboost,extended
2018-07-07 23:00:00,29070.0,29705.2,33508.0,37108.6,2,xgboost,extended
2018-07-08 00:00:00,26894.0,28071.8,29963.6,34102.6,2,xgboost,extended
2018-07-08 01:00:00,24656.0,25540.8,27230.2,30881.8,2,xgboost,extended
2018-07-08 02:00:00,23196.0,24447.0,25619.6,29056.3,2,xgboost,extended
2018-07-08 03:00:00,22232.0,23300.1,24415.4,27375.0,2,xgboost,extended
2018-07-08 04:00:00,21597.0,22469.9,23659.4,26572.5,2,xgboost,extended
2018-07-08 05:00:00,21353.0,21235.1,22911.7,25974.8,2,xgboost,extended
2018-07-08 06:00:00,21211.0,21024.6,22952.6,25648.1,2,xgboost,extended
2018-07-08 07:00:00,21428.0,21662.4,22860.9,26465.5,2,xgboost,extended
2018-07-08 08:00:00,22544.0,22969.7,23821.5,27634.1,2,xgboost,extended
2018-07-08 09:00:00,24211.0,24493.0,25770.7,29275.3,2,xgboost,extended
2018-07-08 10:00:00,25826.0,25220.9,26920.4,30931.2,2,xgboost,extended
2018-07-08 11:00:00,27396.0,25795.6,28571.4,32090.0,2,xgboost,extended
2018-07-08 12:00:00,28760.0,26366.0,29385.0,33836.0,2,xgboost,extended
2018-07-08 13:00:00,30008.0,27076.1,30315.2,34458.8,2,xgboost,extended
2018-07-08 14:00:00,31227.0,27672.4,31567.2,35665.3,2,xgboost,extended
2018-07-08 15:00:00,32586.0,28690.2,32473.6,36424.5,2,xgboost,extended
2018-07-08 16:00:00,34151.0,29417.2,33957.3,37846.2,2,xgboost,extended
2018-07-08 17:00:00,35838.0,30204.7,35342.4,38207.6,2,xgboost,extended
2018-07-08 18:00:00,37210.0,30733.6,36098.7,39070.1,2,xgboost,extended
2018-07-08 19:00:00,37450.0,30959.9,36180.0,38697.4,2,xgboost,extended
2018-07-08 20:00:00,36497.0,30350.1,36123.6,38399.3,2,xgboost,extended
2018-07-08 21:00:00,34974.0,29687.9,35368.8,37201.6,2,xgboost,extended
2018-07-08 22:00:00,34020.0,29353.5,33937.4,35890.5,2,xgboost,extended
2018-07-08 23:00:00,31538.0,27747.9,31048.6,33669.9,2,xgboost,extended
2018-07-09 00:00:00,28679.0,25583.7,28605.7,32749.7,2,xgboost,extended
2018-07-09 01:00:00,26251.0,23868.0,26825.3,30901.5,2,xgboost,extended
2018-07-09 02:00:00,24582.0,22917.9,25576.6,29392.3,2,xgboost,extended
2018-07-09 03:00:00,23663.0,22495.7,24332.6,27766.7,2,xgboost,extended
2018-07-09 04:00:00,23223.0,22135.1,23753.9,27526.3,2,xgboost,extended
2018-07-09 05:00:00,23484.0,22026.6,24216.5,27622.8,2,xgboost,extended
2018-07-09 06:00:00,24626.0,23333.0,25678.0,28616.1,2,xgboost,extended
2018-07-09 07:00:00,26519.0,23962.7,28505.2,31702.8,2,xgboost,extended
2018-07-09 08:00:00,29088.0,25357.7,30823.3,33461.8,2,xgboost,extended
2018-07-09 09:00:00,31048.0,27238.3,32070.6,34576.7,2,xgboost,extended
2018-07-09 10:00:00,32864.0,28905.8,34078.4,35946.2,2,xgboost,extended
2018-07-09 11:00:00,34764.0,30206.0,35801.9,37864.9,2,xgboost,extended
2018-07-09 12:00:00,36489.0,30854.2,37044.1,39562.0,2,xgboost,extended
2018-07-09 13:00:00,38091.0,31313.5,38749.7,41416.9,2,xgboost,extended
2018-07-09 14:00:00,39879.0,32102.6,40011.1,43755.6,2,xgboost,extended
2018-07-09 15:00:00,41572.0,33369.7,44674.7,48038.4,2,xgboost,extended
2018-07-09 16:00:00,43276.0,34690.7,50361.7,52001.4,2,xgboost,extended
2018-07-09 17:00:00,44848.0,35212.6,50155.7,51923.5,2,xgboost,extended
2018-07-09 18:00:00,45771.0,36002.0,49617.9,51597.6,2,xgboost,extended
2018-07-09 19:00:00,45494.0,35319.1,47920.1,49826.2,2,xgboost,extended
2018-07-09 20:00:00,43886.0,34680.6,47494.3,49952.3,2,xgboost,extended
2018-07-09 21:00:00,41662.0,33939.6,46233.7,46896.6,2,xgboost,extended
2018-07-09 22:00:00,39795.0,33405.9,44062.3,45691.7,2,xgboost,extended
2018-07-09 23:00:00,36290.0,31244.4,37767.5,40668.9,2,xgboost,extended
2018-07-10 00:00:00,32776.0,26968.8,32421.2,35648.1,2,xgboost,extended
2018-07-10 01:00:00,29679.0,25215.0,30772.8,33042.6,2,xgboost,extended
2018-07-10 02:00:00,27677.0,24212.3,29391.5,31470.6,2,xgboost,extended
2018-07-10 03:00:00,26401.0,23797.1,28939.3,30116.4,2,xgboost,extended
2018-07-10 04:00:00,25735.0,23478.7,28264.5,29710.7,2,xgboost,extended
2018-07-10 05:00:00,25808.0,23591.5,28287.6,29790.6,2,xgboost,extended
2018-07-10 06:00:00,26841.0,24446.6,29599.2,30783.3,2,xgboost,extended
2018-07-10 07:00:00,28883.0,26185.9,31142.9,33357.0,2,xgboost,extended
2018-07-10 08:00:00,31787.0,28102.4,33088.8,36259.9,2,xgboost,extended
2018-07-10 09:00:00,34357.0,29471.9,34445.2,37836.7,2,xgboost,extended
2018-07-10 10:00:00,36944.0,30834.6,35606.1,39243.0,2,xgboost,extended
2018-07-10 11:00:00,39621.0,31881.9,38568.7,41079.0,2,xgboost,extended
2018-07-10 12:00:00,42103.0,33248.3,41096.5,43073.1,2,xgboost,extended
2018-07-10 13:00:00,44216.0,33946.6,43097.9,44459.7,2,xgboost,extended
2018-07-10 14:00:00,46219.0,35373.9,44859.2,46262.9,2,xgboost,extended
2018-07-10 15:00:00,47959.0,37093.1,45817.6,47688.8,2,xgboost,extended
2018-07-10 16:00:00,49442.0,38295.7,47681.2,49671.6,2,xgboost,extended
2018-07-10 17:00:00,50731.0,39799.9,48522.2,50353.1,2,xgboost,extended
2018-07-10 18:00:00,51429.0,40221.3,49518.5,50351.7,2,xgboost,extended
2018-07-10 19:00:00,50943.0,39680.9,48315.7,49996.4,2,xgboost,extended
2018-07-10 20:00:00,49264.0,38727.1,46222.0,50136.6,2,xgboost,extended
2018-07-10 21:00:00,47194.0,36552.8,44348.8,47280.7,2,xgboost,extended
2018-07-10 22:00:00,45245.0,35189.3,42434.5,45335.3,2,xgboost,extended
2018-07-10 23:00:00,41533.0,32590.0,37474.6,42023.0,2,xgboost,extended
2018-07-11 00:00:00,37750.0,29774.4,34117.1,37271.3,2,xgboost,extended
2018-07-11 01:00:00,34491.0,27403.5,31573.8,34369.1,2,xgboost,extended
2018-07-11 02:00:00,32241.0,26064.8,30139.2,32308.9,2,xgboost,extended
2018-07-11 03:00:00,30727.0,25317.9,29255.1,30893.9,2,xgboost,extended
2018-07-11 04:00:00,29755.0,24469.2,28695.1,30190.2,2,xgboost,extended
2018-07-11 05:00:00,29571.0,24504.2,28374.3,30109.8,2,xgboost,extended
2018-07-11 06:00:00,30570.0,25317.5,28606.4,30837.1,2,xgboost,extended
2018-07-11 07:00:00,32425.0,27015.2,29958.9,32543.6,2,xgboost,extended
2018-07-11 08:00:00,35156.0,29183.5,32465.3,35267.6,2,xgboost,extended
2018-07-11 09:00:00,37384.0,31058.6,35195.4,37730.8,2,xgboost,extended
2018-07-11 10:00:00,39391.0,32638.0,38334.3,40320.5,2,xgboost,extended
2018-07-11 11:00:00,41478.0,34327.0,41319.9,43680.0,2,xgboost,extended
2018-07-11 12:00:00,43429.0,36183.6,44073.0,46281.1,2,xgboost,extended
2018-07-11 13:00:00,44897.0,38607.2,45852.4,49292.9,2,xgboost,extended
2018-07-11 14:00:00,46210.0,39532.7,47462.5,51042.6,2,xgboost,extended
2018-07-11 15:00:00,47239.0,40679.6,48959.8,52107.2,2,xgboost,extended
2018-07-11 16:00:00,48007.0,40921.1,48694.4,52473.2,2,xgboost,extended
2018-07-11 17:00:00,48546.0,41315.2,50141.2,53284.6,2,xgboost,extended
2018-07-11 18:00:00,48488.0,41175.3,49653.8,53246.5,2,xgboost,extended
2018-07-11 19:00:00,47227.0,40521.7,48700.9,52061.9,2,xgboost,extended
2018-07-11 20:00:00,44899.0,40003.4,47309.8,50735.0,2,xgboost,extended
2018-07-11 21:00:00,43176.0,39545.1,46579.4,50431.1,2,xgboost,extended
2018-07-11 22:00:00,41557.0,38597.8,45392.0,48864.0,2,xgboost,extended
2018-07-11 23:00:00,38176.0,35344.8,41289.1,44969.5,2,xgboost,extended
2018-07-12 00:00:00,34724.0,32398.2,37179.8,40817.7,2,xgboost,extended
2018-07-12 01:00:00,31596.0,29748.0,34562.5,38036.5,2,xgboost,extended
2018-07-12 02:00:00,29530.0,28301.8,32633.3,35461.7,2,xgboost,extended
2018-07-12 03:00:00,28141.0,27501.8,31881.3,33877.9,2,xgboost,extended
2018-07-12 04:00:00,27314.0,26357.9,30591.1,32914.7,2,xgboost,extended
2018-07-12 05:00:00,27150.0,26319.8,30522.8,32636.3,2,xgboost,extended
2018-07-12 06:00:00,28072.0,27484.3,31453.1,33605.2,2,xgboost,extended
2018-07-12 07:00:00,29919.0,28565.0,32726.9,35534.2,2,xgboost,extended
2018-07-12 08:00:00,32262.0,30990.3,35522.1,38059.1,2,xgboost,extended
2018-07-12 09:00:00,34365.0,32717.0,37464.5,40156.2,2,xgboost,extended
2018-07-12 10:00:00,36208.0,34206.6,39387.7,42015.7,2,xgboost,extended
2018-07-12 11:00:00,38167.0,35583.7,41119.1,44183.5,2,xgboost,extended
2018-07-12 12:00:00,39765.0,36525.4,42826.7,46149.2,2,xgboost,extended
2018-07-12 13:00:00,41289.0,37462.6,44154.8,47720.0,2,xgboost,extended
2018-07-12 14:00:00,42744.0,38051.5,44889.2,49351.3,2,xgboost,extended
2018-07-12 15:00:00,43799.0,38295.9,45342.4,50085.4,2,xgboost,extended
2018-07-12 16:00:00,44622.0,39067.8,46389.2,50592.8,2,xgboost,extended
2018-07-12 17:00:00,45162.0,38868.8,46334.0,50578.6,2,xgboost,extended
2018-07-12 18:00:00,45202.0,38656.3,46208.7,50505.6,2,xgboost,extended
2018-07-12 19:00:00,44188.0,37414.1,44638.2,49936.7,2,xgboost,extended
2018-07-12 20:00:00,42278.0,36755.0,43348.3,47960.8,2,xgboost,extended
2018-07-12 21:00:00,40614.0,36152.8,42123.9,46446.3,2,xgboost,extended
2018-07-12 22:00:00,39212.0,35252.9,40786.7,44683.4,2,xgboost,extended
2018-07-12 23:00:00,36168.0,33261.9,38216.1,41817.6,2,xgboost,extended
2018-07-13 00:00:00,32887.0,30437.9,34432.0,38351.4,2,xgboost,extended
2018-07-06 01:00:00,37168.0,36352.3,37015.7,37679.0,2,chronos,extended
2018-07-06 02:00:00,35164.0,34229.6,34892.9,35582.8,2,chronos,extended
2018-07-06 03:00:00,33844.0,32637.5,33433.5,34494.9,2,chronos,extended
2018-07-06 04:00:00,33133.0,31576.1,32637.5,33725.4,2,chronos,extended
2018-07-06 05:00:00,33129.0,31549.6,32637.5,33964.2,2,chronos,extended
2018-07-06 06:00:00,34020.0,32372.1,33433.5,35290.9,2,chronos,extended
2018-07-06 07:00:00,35573.0,33964.2,35556.3,37440.2,2,chronos,extended
2018-07-06 08:00:00,37575.0,36617.7,38342.4,40359.0,2,chronos,extended
2018-07-06 09:00:00,39381.0,39244.6,41128.5,43516.6,2,chronos,extended
2018-07-06 10:00:00,40621.0,41659.2,43782.0,46170.1,2,chronos,extended
2018-07-06 11:00:00,41668.0,43782.0,46435.4,49115.4,2,chronos,extended
2018-07-06 12:00:00,42539.0,45904.8,48425.5,51477.0,2,chronos,extended
2018-07-06 13:00:00,42955.0,47496.8,50150.3,53334.4,2,chronos,extended
2018-07-06 14:00:00,43241.0,48531.7,51211.7,54926.5,2,chronos,extended
2018-07-06 15:00:00,43594.0,49354.2,52273.0,56253.2,2,chronos,extended
2018-07-06 16:00:00,43843.0,49619.6,53069.1,57314.6,2,chronos,extended
2018-07-06 17:00:00,43890.0,49884.9,53599.8,57871.8,2,chronos,extended
2018-07-06 18:00:00,43651.0,49593.1,53599.8,57845.3,2,chronos,extended
2018-07-06 19:00:00,42606.0,48558.2,52803.7,56810.4,2,chronos,extended
2018-07-06 20:00:00,40731.0,46700.8,50946.3,55218.4,2,chronos,extended
2018-07-06 21:00:00,38882.0,44816.8,48956.2,53361.0,2,chronos,extended
2018-07-06 22:00:00,37544.0,43224.8,47364.2,51477.0,2,chronos,extended
2018-07-06 23:00:00,34647.0,39801.8,44047.3,48054.0,2,chronos,extended
2018-07-07 00:00:00,31602.0,36352.3,40332.5,44073.9,2,chronos,extended
2018-07-07 01:00:00,28643.0,33698.9,37413.7,40863.2,2,chronos,extended
2018-07-07 02:00:00,26556.0,31576.1,35025.6,38475.1,2,chronos,extended
2018-07-07 03:00:00,25035.0,29984.0,33433.5,36617.7,2,chronos,extended
2018-07-07 04:00:00,24081.0,28896.1,32372.1,35556.3,2,chronos,extended
2018-07-07 05:00:00,23519.0,27861.3,31576.1,34760.2,2,chronos,extended
2018-07-07 06:00:00,23358.0,27834.7,31708.8,35290.9,2,chronos,extended
2018-07-07 07:00:00,23663.0,28365.4,32106.8,36644.2,2,chronos,extended
2018-07-07 08:00:00,24818.0,30222.8,33964.2,39271.1,2,chronos,extended
2018-07-07 09:00:00,26449.0,33407.0,37015.7,42216.4,2,chronos,extended
2018-07-07 10:00:00,27693.0,36591.1,40067.2,45161.8,2,chronos,extended
2018-07-07 11:00:00,28681.0,39271.1,43251.3,48558.2,2,chronos,extended
2018-07-07 12:00:00,29421.0,41898.0,45639.4,50972.8,2,chronos,extended
2018-07-07 13:00:00,29976.0,43516.6,47496.8,52618.0,2,chronos,extended
2018-07-07 14:00:00,30565.0,44816.8,48558.2,54183.5,2,chronos,extended
2018-07-07 15:00:00,31347.0,45612.9,49354.2,55722.5,2,chronos,extended
2018-07-07 16:00:00,32356.0,46408.9,50150.3,56545.1,2,chronos,extended
2018-07-07 17:00:00,33430.0,46647.7,50681.0,57049.3,2,chronos,extended
2018-07-07 18:00:00,34233.0,46408.9,50681.0,57314.6,2,chronos,extended
2018-07-07 19:00:00,34170.0,45612.9,50415.6,56810.4,2,chronos,extended
2018-07-07 20:00:00,33101.0,44286.1,48823.6,55006.1,2,chronos,extended
2018-07-07 21:00:00,31614.0,42455.3,46833.5,52883.3,2,chronos,extended
2018-07-07 22:00:00,30855.0,41393.9,45374.1,51211.7,2,chronos,extended
2018-07-07 23:00:00,29070.0,38475.1,42189.9,47496.8,2,chronos,extended
2018-07-08 00:00:00,26894.0,35556.3,38740.4,43543.2,2,chronos,extended
2018-07-08 01:00:00,24656.0,32902.8,35821.6,40067.2,2,chronos,extended
2018-07-08 02:00:00,23196.0,31045.4,33698.9,37679.0,2,chronos,extended
2018-07-08 03:00:00,22232.0,29692.1,32106.8,36087.0,2,chronos,extended
2018-07-08 04:00:00,21597.0,28630.8,31045.4,35025.6,2,chronos,extended
2018-07-08 05:00:00,21353.0,28392.0,30514.7,35025.6,2,chronos,extended
2018-07-08 06:00:00,21211.0,28365.4,30514.7,35078.7,2,chronos,extended
2018-07-08 07:00:00,21428.0,28630.8,31045.4,36378.8,2,chronos,extended
2018-07-08 08:00:00,22544.0,29718.7,32902.8,39032.3,2,chronos,extended
2018-07-08 09:00:00,24211.0,32106.8,35556.3,42189.9,2,chronos,extended
2018-07-08 10:00:00,25826.0,35025.6,38740.4,45135.2,2,chronos,extended
2018-07-08 11:00:00,27396.0,38209.7,41924.6,48054.0,2,chronos,extended
2018-07-08 12:00:00,28760.0,41128.5,44843.4,50946.3,2,chronos,extended
2018-07-08 13:00:00,30008.0,43490.1,46833.5,52564.9,2,chronos,extended
2018-07-08 14:00:00,31227.0,45108.7,48292.9,54183.5,2,chronos,extended
2018-07-08 15:00:00,32586.0,46435.4,49354.2,55483.7,2,chronos,extended
2018-07-08 16:00:00,34151.0,47470.3,50415.6,56545.1,2,chronos,extended
2018-07-08 17:00:00,35838.0,50796.9,51349.0,51625.1,2,chronos,extended
2018-07-08 18:00:00,37210.0,50796.9,51487.1,52204.8,2,chronos,extended
2018-07-08 19:00:00,37450.0,49968.7,51073.0,52177.2,2,chronos,extended
2018-07-08 20:00:00,36497.0,48312.3,49692.6,51073.0,2,chronos,extended
2018-07-08 21:00:00,34974.0,46379.8,47898.2,49140.5,2,chronos,extended
2018-07-08 22:00:00,34020.0,44999.4,46379.8,47760.1,2,chronos,extended
2018-07-08 23:00:00,31538.0,41962.6,43343.0,44999.4,2,chronos,extended
2018-07-09 00:00:00,28679.0,38898.3,40030.2,41410.5,2,chronos,extended
2018-07-09 01:00:00,26251.0,35889.1,37131.4,38373.7,2,chronos,extended
2018-07-09 02:00:00,24582.0,33680.5,34922.9,36165.2,2,chronos,extended
2018-07-09 03:00:00,23663.0,32300.2,33404.5,34508.8,2,chronos,extended
2018-07-09 04:00:00,23223.0,31472.0,32576.3,33680.5,2,chronos,extended
2018-07-09 05:00:00,23484.0,31472.0,32576.3,33680.5,2,chronos,extended
2018-07-09 06:00:00,24626.0,32300.2,33542.5,34784.8,2,chronos,extended
2018-07-09 07:00:00,26519.0,34232.7,35613.0,36717.3,2,chronos,extended
2018-07-09 08:00:00,29088.0,36993.4,38373.7,39478.0,2,chronos,extended
2018-07-09 09:00:00,31048.0,40002.6,41410.5,42514.8,2,chronos,extended
2018-07-09 10:00:00,32864.0,42763.2,44447.3,45827.6,2,chronos,extended
2018-07-09 11:00:00,34764.0,45275.5,47346.0,48588.3,2,chronos,extended
2018-07-09 12:00:00,36489.0,47760.1,49692.6,51349.0,2,chronos,extended
2018-07-09 13:00:00,38091.0,49416.5,51625.1,53557.6,2,chronos,extended
2018-07-09 14:00:00,39879.0,51045.4,53005.4,54965.5,2,chronos,extended
2018-07-09 15:00:00,41572.0,51901.2,54109.7,56069.8,2,chronos,extended
2018-07-09 16:00:00,43276.0,52729.4,54937.9,57146.5,2,chronos,extended
2018-07-09 17:00:00,44848.0,53281.5,55490.1,57698.6,2,chronos,extended
2018-07-09 18:00:00,45771.0,53281.5,55490.1,57974.7,2,chronos,extended
2018-07-09 19:00:00,45494.0,52425.7,54799.9,57698.6,2,chronos,extended
2018-07-09 20:00:00,43886.0,50520.8,53005.4,56318.3,2,chronos,extended
2018-07-09 21:00:00,41662.0,48312.3,50934.9,54385.8,2,chronos,extended
2018-07-09 22:00:00,39795.0,46655.8,49140.5,52757.0,2,chronos,extended
2018-07-09 23:00:00,36290.0,43619.1,46103.7,49720.2,2,chronos,extended
2018-07-10 00:00:00,32776.0,40030.2,42514.8,45579.2,2,chronos,extended
2018-07-10 01:00:00,29679.0,36993.4,39478.0,42266.3,2,chronos,extended
2018-07-10 02:00:00,27677.0,34784.8,36993.4,40030.2,2,chronos,extended
2018-07-10 03:00:00,26401.0,33404.5,35337.0,38125.3,2,chronos,extended
2018-07-10 04:00:00,25735.0,32548.7,34508.8,36772.5,2,chronos,extended
2018-07-10 05:00:00,25808.0,32300.2,34232.7,36441.2,2,chronos,extended
2018-07-10 06:00:00,26841.0,32852.3,35060.9,36993.4,2,chronos,extended
2018-07-10 07:00:00,28883.0,34784.8,36717.3,38925.9,2,chronos,extended
2018-07-10 08:00:00,31787.0,37517.9,39201.9,41686.6,2,chronos,extended
2018-07-10 09:00:00,34357.0,40306.2,42238.7,44723.3,2,chronos,extended
2018-07-10 10:00:00,36944.0,43066.9,45275.5,48036.2,2,chronos,extended
2018-07-10 11:00:00,39621.0,45551.6,48312.3,51073.0,2,chronos,extended
2018-07-10 12:00:00,42103.0,47760.1,50796.9,53557.6,2,chronos,extended
2018-07-10 13:00:00,44216.0,49388.9,52591.3,55214.0,2,chronos,extended
2018-07-10 14:00:00,46219.0,50493.2,53833.7,56345.9,2,chronos,extended
2018-07-10 15:00:00,47959.0,51321.4,54661.9,57422.6,2,chronos,extended
2018-07-10 16:00:00,49442.0,51901.2,54937.9,57726.2,2,chronos,extended
2018-07-10 17:00:00,50731.0,52149.6,55214.0,58002.3,2,chronos,extended
2018-07-10 18:00:00,51429.0,51625.1,54937.9,57974.7,2,chronos,extended
2018-07-10 19:00:00,50943.0,50244.8,54109.7,57146.5,2,chronos,extended
2018-07-10 20:00:00,49264.0,48312.3,52177.2,55490.1,2,chronos,extended
2018-07-10 21:00:00,47194.0,46352.2,50106.7,53281.5,2,chronos,extended
2018-07-10 22:00:00,45245.0,44447.3,48174.2,51376.6,2,chronos,extended
2018-07-10 23:00:00,41533.0,41410.5,44723.3,48063.8,2,chronos,extended
2018-07-11 00:00:00,37750.0,38373.7,41134.4,44447.3,2,chronos,extended
2018-07-11 01:00:00,34491.0,35337.0,38373.7,41410.5,2,chronos,extended
2018-07-11 02:00:00,32241.0,33128.4,36027.1,38953.5,2,chronos,extended
2018-07-11 03:00:00,30727.0,31748.1,34232.7,37269.5,2,chronos,extended
2018-07-11 04:00:00,29755.0,30643.8,33266.4,35889.1,2,chronos,extended
2018-07-11 05:00:00,29571.0,30616.2,32852.3,35337.0,2,chronos,extended
2018-07-11 06:00:00,30570.0,30643.8,33404.5,35916.7,2,chronos,extended
2018-07-11 07:00:00,32425.0,31444.4,34784.8,37821.6,2,chronos,extended
2018-07-11 08:00:00,35156.0,33376.9,36993.4,40306.2,2,chronos,extended
2018-07-11 09:00:00,37384.0,39521.9,40082.5,40923.4,2,chronos,extended
2018-07-11 10:00:00,39391.0,42324.9,43165.8,44034.7,2,chronos,extended
2018-07-11 11:00:00,41478.0,44567.3,45968.8,47090.0,2,chronos,extended
2018-07-11 12:00:00,43429.0,46809.7,48211.2,49360.4,2,chronos,extended
2018-07-11 13:00:00,44897.0,48211.2,49612.7,51294.4,2,chronos,extended
2018-07-11 14:00:00,46210.0,48771.8,50733.8,52724.0,2,chronos,extended
2018-07-11 15:00:00,47239.0,49052.1,51294.4,53817.1,2,chronos,extended
2018-07-11 16:00:00,48007.0,48771.8,51855.0,54658.0,2,chronos,extended
2018-07-11 17:00:00,48546.0,48211.2,51855.0,55218.6,2,chronos,extended
2018-07-11 18:00:00,48488.0,47090.0,51434.6,54966.3,2,chronos,extended
2018-07-11 19:00:00,47227.0,45688.5,50173.3,54125.4,2,chronos,extended
2018-07-11 20:00:00,44899.0,44006.7,48491.5,52695.9,2,chronos,extended
2018-07-11 21:00:00,43176.0,42885.5,46809.7,51014.1,2,chronos,extended
2018-07-11 22:00:00,41557.0,41764.3,45127.9,49080.1,2,chronos,extended
2018-07-11 23:00:00,38176.0,39521.9,42324.9,46249.1,2,chronos,extended
2018-07-12 00:00:00,34724.0,36971.2,39241.6,42633.2,2,chronos,extended
2018-07-12 01:00:00,31596.0,34476.6,36719.0,39830.3,2,chronos,extended
2018-07-12 02:00:00,29530.0,32766.8,35037.2,37840.2,2,chronos,extended
2018-07-12 03:00:00,28141.0,31673.6,33635.7,36158.4,2,chronos,extended
2018-07-12 04:00:00,27314.0,31113.0,33075.1,35597.8,2,chronos,extended
2018-07-12 05:00:00,27150.0,31393.3,33075.1,35317.5,2,chronos,extended
2018-07-12 06:00:00,28072.0,32514.5,34196.3,36158.4,2,chronos,extended
2018-07-12 07:00:00,29919.0,34196.3,36158.4,38120.5,2,chronos,extended
2018-07-12 08:00:00,32262.0,36719.0,38681.1,40923.4,2,chronos,extended
2018-07-12 09:00:00,34365.0,39241.6,41764.3,44006.7,2,chronos,extended
2018-07-12 10:00:00,36208.0,42296.9,44567.3,47370.3,2,chronos,extended
2018-07-12 11:00:00,38167.0,44847.6,47090.0,49921.0,2,chronos,extended
2018-07-12 12:00:00,39765.0,46809.7,49332.4,52135.3,2,chronos,extended
2018-07-12 13:00:00,41289.0,48211.2,50874.0,53817.1,2,chronos,extended
2018-07-12 14:00:00,42744.0,49584.6,52135.3,55218.6,2,chronos,extended
2018-07-12 15:00:00,43799.0,50453.6,52976.2,56367.8,2,chronos,extended
2018-07-12 16:00:00,44622.0,51014.1,53536.8,57180.7,2,chronos,extended
2018-07-12 17:00:00,45162.0,51294.4,54097.4,57741.3,2,chronos,extended
2018-07-12 18:00:00,45202.0,50986.1,54097.4,57741.3,2,chronos,extended
2018-07-12 19:00:00,44188.0,49612.7,52976.2,56928.4,2,chronos,extended
2018-07-12 20:00:00,42278.0,48183.1,51574.7,55498.9,2,chronos,extended
2018-07-12 21:00:00,40614.0,46781.7,49612.7,53817.1,2,chronos,extended
2018-07-12 22:00:00,39212.0,44847.6,47650.6,52135.3,2,chronos,extended
2018-07-12 23:00:00,36168.0,41764.3,44567.3,48771.8,2,chronos,extended
2018-07-13 00:00:00,32887.0,38961.4,41203.7,44903.7,2,chronos,extended
2018-07-06 01:00:00,37168.0,32043.4,35202.7,38362.0,2,lstm,extended
2018-07-06 02:00:00,35164.0,30118.9,33107.9,36096.8,2,lstm,extended
2018-07-06 03:00:00,33844.0,28153.5,31030.2,33907.0,2,lstm,extended
2018-07-06 04:00:00,33133.0,28388.1,31204.4,34020.7,2,lstm,extended
2018-07-06 05:00:00,33129.0,29456.3,32272.3,35088.3,2,lstm,extended
2018-07-06 06:00:00,34020.0,29104.3,31996.0,34887.7,2,lstm,extended
2018-07-06 07:00:00,35573.0,32085.4,35109.1,38132.8,2,lstm,extended
2018-07-06 08:00:00,37575.0,33645.7,36839.6,40033.5,2,lstm,extended
2018-07-06 09:00:00,39381.0,37182.1,40529.5,43876.9,2,lstm,extended
2018-07-06 10:00:00,40621.0,38994.6,42447.3,45900.1,2,lstm,extended
2018-07-06 11:00:00,41668.0,42784.9,46326.7,49868.5,2,lstm,extended
2018-07-06 12:00:00,42539.0,44074.6,47690.4,51306.2,2,lstm,extended
2018-07-06 13:00:00,42955.0,45056.7,48707.8,52359.0,2,lstm,extended
2018-07-06 14:00:00,43241.0,46879.4,50554.9,54230.4,2,lstm,extended
2018-07-06 15:00:00,43594.0,47404.5,51110.0,54815.5,2,lstm,extended
2018-07-06 16:00:00,43843.0,46639.8,50366.5,54093.1,2,lstm,extended
2018-07-06 17:00:00,43890.0,47876.6,51607.3,55337.9,2,lstm,extended
2018-07-06 18:00:00,43651.0,48817.0,52527.4,56237.7,2,lstm,extended
2018-07-06 19:00:00,42606.0,46537.8,50159.3,53780.9,2,lstm,extended
2018-07-06 20:00:00,40731.0,46513.4,49975.6,53437.7,2,lstm,extended
2018-07-06 21:00:00,38882.0,44541.6,47846.6,51151.6,2,lstm,extended
2018-07-06 22:00:00,37544.0,42836.0,46027.2,49218.5,2,lstm,extended
2018-07-06 23:00:00,34647.0,39389.6,42334.6,45279.5,2,lstm,extended
2018-07-07 00:00:00,31602.0,36729.9,39416.1,42102.3,2,lstm,extended
2018-07-07 01:00:00,28643.0,33664.9,36099.6,38534.2,2,lstm,extended
2018-07-07 02:00:00,26556.0,31902.4,34159.7,36416.9,2,lstm,extended
2018-07-07 03:00:00,25035.0,31296.4,33424.4,35552.4,2,lstm,extended
2018-07-07 04:00:00,24081.0,29323.5,31370.4,33417.3,2,lstm,extended
2018-07-07 05:00:00,23519.0,29361.8,31360.9,33360.1,2,lstm,extended
2018-07-07 06:00:00,23358.0,28961.9,30947.3,32932.7,2,lstm,extended
2018-07-07 07:00:00,23663.0,29513.9,31525.2,33536.6,2,lstm,extended
2018-07-07 08:00:00,24818.0,30641.3,32750.9,34860.4,2,lstm,extended
2018-07-07 09:00:00,26449.0,33601.1,35849.3,38097.5,2,lstm,extended
2018-07-07 10:00:00,27693.0,36365.3,38719.2,41073.1,2,lstm,extended
2018-07-07 11:00:00,28681.0,38797.9,41235.7,43673.6,2,lstm,extended
2018-07-07 12:00:00,29421.0,39794.0,42294.8,44795.6,2,lstm,extended
2018-07-07 13:00:00,29976.0,41142.6,43690.5,46238.5,2,lstm,extended
2018-07-07 14:00:00,30565.0,42690.2,45288.2,47886.2,2,lstm,extended
2018-07-07 15:00:00,31347.0,42416.7,45081.2,47745.7,2,lstm,extended
2018-07-07 16:00:00,32356.0,42718.0,45468.2,48218.5,2,lstm,extended
2018-07-07 17:00:00,33430.0,43268.3,46109.8,48951.4,2,lstm,extended
2018-07-07 18:00:00,34233.0,43560.6,46470.4,49380.2,2,lstm,extended
2018-07-07 19:00:00,34170.0,42916.4,45820.9,48725.3,2,lstm,extended
2018-07-07 20:00:00,33101.0,42708.7,45522.3,48335.9,2,lstm,extended
2018-07-07 21:00:00,31614.0,39038.9,41726.1,44413.3,2,lstm,extended
2018-07-07 22:00:00,30855.0,38988.9,41611.6,44234.3,2,lstm,extended
2018-07-07 23:00:00,29070.0,37180.1,39651.0,42122.0,2,lstm,extended
2018-07-08 00:00:00,26894.0,32935.8,35221.7,37507.7,2,lstm,extended
2018-07-08 01:00:00,24656.0,30504.6,32600.4,34696.1,2,lstm,extended
2018-07-08 02:00:00,23196.0,29217.3,31189.0,33160.6,2,lstm,extended
2018-07-08 03:00:00,22232.0,27385.2,29274.9,31164.6,2,lstm,extended
2018-07-08 04:00:00,21597.0,27023.7,28859.5,30695.2,2,lstm,extended
2018-07-08 05:00:00,21353.0,26296.8,28111.8,29926.8,2,lstm,extended
2018-07-08 06:00:00,21211.0,25912.5,27715.5,29518.4,2,lstm,extended
2018-07-08 07:00:00,21428.0,26042.0,27863.4,29684.8,2,lstm,extended
2018-07-08 08:00:00,22544.0,27069.1,28985.4,30901.6,2,lstm,extended
2018-07-08 09:00:00,24211.0,28942.9,31000.8,33058.8,2,lstm,extended
2018-07-08 10:00:00,25826.0,31369.1,33564.4,35759.6,2,lstm,extended
2018-07-08 11:00:00,27396.0,34742.4,37071.0,39399.7,2,lstm,extended
2018-07-08 12:00:00,28760.0,35490.0,37934.6,40379.2,2,lstm,extended
2018-07-08 13:00:00,30008.0,37665.1,40215.8,42766.5,2,lstm,extended
2018-07-08 14:00:00,31227.0,39517.6,42171.9,44826.2,2,lstm,extended
2018-07-08 15:00:00,32586.0,40489.4,43259.2,46029.0,2,lstm,extended
2018-07-08 16:00:00,34151.0,40434.5,43337.3,46240.2,2,lstm,extended
2018-07-08 17:00:00,35838.0,42759.0,45805.2,48851.5,2,lstm,extended
2018-07-08 18:00:00,37210.0,42133.4,45296.2,48459.1,2,lstm,extended
2018-07-08 19:00:00,37450.0,41399.2,44582.5,47765.7,2,lstm,extended
2018-07-08 20:00:00,36497.0,40281.9,43384.2,46486.4,2,lstm,extended
2018-07-08 21:00:00,34974.0,39545.5,42518.3,45491.1,2,lstm,extended
2018-07-08 22:00:00,34020.0,39026.4,41918.1,44809.8,2,lstm,extended
2018-07-08 23:00:00,31538.0,36421.5,39102.2,41782.9,2,lstm,extended
2018-07-09 00:00:00,28679.0,32870.6,35308.3,37746.0,2,lstm,extended
2018-07-09 01:00:00,26251.0,30909.1,33140.4,35371.8,2,lstm,extended
2018-07-09 02:00:00,24582.0,28913.1,31002.6,33092.0,2,lstm,extended
2018-07-09 03:00:00,23663.0,28143.3,30154.6,32166.0,2,lstm,extended
2018-07-09 04:00:00,23223.0,26618.6,28592.5,30566.5,2,lstm,extended
2018-07-09 05:00:00,23484.0,27248.5,29244.7,31240.8,2,lstm,extended
2018-07-09 06:00:00,24626.0,28224.4,30317.6,32410.8,2,lstm,extended
2018-07-09 07:00:00,26519.0,30484.7,32738.8,34992.9,2,lstm,extended
2018-07-09 08:00:00,29088.0,32980.1,35452.6,37925.1,2,lstm,extended
2018-07-09 09:00:00,31048.0,34844.2,37483.3,40122.4,2,lstm,extended
2018-07-09 10:00:00,32864.0,37755.9,40549.4,43342.8,2,lstm,extended
2018-07-09 11:00:00,34764.0,39633.7,42588.7,45543.6,2,lstm,extended
2018-07-09 12:00:00,36489.0,41348.9,44450.5,47552.1,2,lstm,extended
2018-07-09 13:00:00,38091.0,43429.4,46667.1,49904.8,2,lstm,extended
2018-07-09 14:00:00,39879.0,44215.1,47604.8,50994.5,2,lstm,extended
2018-07-09 15:00:00,41572.0,47658.0,51191.6,54725.2,2,lstm,extended
2018-07-09 16:00:00,43276.0,48179.4,51857.9,55536.3,2,lstm,extended
2018-07-09 17:00:00,44848.0,48301.4,52113.5,55925.6,2,lstm,extended
2018-07-09 18:00:00,45771.0,49036.8,52927.3,56817.8,2,lstm,extended
2018-07-09 19:00:00,45494.0,48599.5,52466.5,56333.5,2,lstm,extended
2018-07-09 20:00:00,43886.0,47113.3,50843.6,54574.0,2,lstm,extended
2018-07-09 21:00:00,41662.0,45879.7,49421.0,52962.3,2,lstm,extended
2018-07-09 22:00:00,39795.0,42975.6,46358.1,49740.7,2,lstm,extended
2018-07-09 23:00:00,36290.0,40919.3,44004.0,47088.6,2,lstm,extended
2018-07-10 00:00:00,32776.0,34804.2,37590.2,40376.2,2,lstm,extended
2018-07-10 01:00:00,29679.0,32927.3,35450.0,37972.7,2,lstm,extended
2018-07-10 02:00:00,27677.0,31862.4,34214.9,36567.5,2,lstm,extended
2018-07-10 03:00:00,26401.0,30346.0,32590.1,34834.2,2,lstm,extended
2018-07-10 04:00:00,25735.0,29213.5,31401.0,33588.5,2,lstm,extended
2018-07-10 05:00:00,25808.0,30395.2,32588.9,34782.6,2,lstm,extended
2018-07-10 06:00:00,26841.0,30303.9,32585.4,34866.9,2,lstm,extended
2018-07-10 07:00:00,28883.0,31510.6,33965.6,36420.7,2,lstm,extended
2018-07-10 08:00:00,31787.0,33966.7,36668.6,39370.5,2,lstm,extended
2018-07-10 09:00:00,34357.0,36116.3,39036.7,41957.0,2,lstm,extended
2018-07-10 10:00:00,36944.0,37970.8,41111.1,44251.3,2,lstm,extended
2018-07-10 11:00:00,39621.0,40512.9,43880.7,47248.5,2,lstm,extended
2018-07-10 12:00:00,42103.0,42988.4,46567.2,50146.0,2,lstm,extended
2018-07-10 13:00:00,44216.0,44157.5,47915.9,51674.2,2,lstm,extended
2018-07-10 14:00:00,46219.0,45897.5,49826.1,53754.7,2,lstm,extended
2018-07-10 15:00:00,47959.0,46960.8,51037.4,55113.9,2,lstm,extended
2018-07-10 16:00:00,49442.0,48422.3,52624.8,56827.4,2,lstm,extended
2018-07-10 17:00:00,50731.0,47728.7,52040.8,56352.9,2,lstm,extended
2018-07-10 18:00:00,51429.0,48353.0,52724.5,57095.9,2,lstm,extended
2018-07-10 19:00:00,50943.0,47294.7,51624.8,55955.0,2,lstm,extended
2018-07-10 20:00:00,49264.0,43840.5,48027.9,52215.4,2,lstm,extended
2018-07-10 21:00:00,47194.0,44184.6,48196.1,52207.6,2,lstm,extended
2018-07-10 22:00:00,45245.0,42307.2,46153.0,49998.9,2,lstm,extended
2018-07-10 23:00:00,41533.0,38345.0,41875.3,45405.6,2,lstm,extended
2018-07-11 00:00:00,37750.0,34912.9,38121.7,41330.4,2,lstm,extended
2018-07-11 01:00:00,34491.0,31884.7,34816.4,37748.2,2,lstm,extended
2018-07-11 02:00:00,32241.0,30812.9,33553.4,36293.9,2,lstm,extended
2018-07-11 03:00:00,30727.0,29913.1,32524.9,35136.7,2,lstm,extended
2018-07-11 04:00:00,29755.0,28650.7,31179.8,33709.0,2,lstm,extended
2018-07-11 05:00:00,29571.0,28400.4,30913.9,33427.4,2,lstm,extended
2018-07-11 06:00:00,30570.0,29073.5,31671.9,34270.4,2,lstm,extended
2018-07-11 07:00:00,32425.0,29787.1,32543.2,35299.4,2,lstm,extended
2018-07-11 08:00:00,35156.0,32245.5,35233.7,38222.0,2,lstm,extended
2018-07-11 09:00:00,37384.0,34078.3,37255.9,40433.6,2,lstm,extended
2018-07-11 10:00:00,39391.0,37661.6,41009.8,44358.0,2,lstm,extended
2018-07-11 11:00:00,41478.0,40640.9,44166.5,47692.1,2,lstm,extended
2018-07-11 12:00:00,43429.0,43366.6,47058.0,50749.5,2,lstm,extended
2018-07-11 13:00:00,44897.0,44911.7,48727.9,52544.2,2,lstm,extended
2018-07-11 14:00:00,46210.0,45284.6,49212.5,53140.3,2,lstm,extended
2018-07-11 15:00:00,47239.0,46704.6,50719.9,54735.2,2,lstm,extended
2018-07-11 16:00:00,48007.0,46449.7,50530.3,54610.9,2,lstm,extended
2018-07-11 17:00:00,48546.0,47486.4,51612.8,55739.2,2,lstm,extended
2018-07-11 18:00:00,48488.0,47863.3,51984.7,56106.2,2,lstm,extended
2018-07-11 19:00:00,47227.0,44710.9,48725.2,52739.5,2,lstm,extended
2018-07-11 20:00:00,44899.0,43754.8,47571.2,51387.6,2,lstm,extended
2018-07-11 21:00:00,43176.0,44052.3,47722.3,51392.3,2,lstm,extended
2018-07-11 22:00:00,41557.0,42291.3,45823.6,49356.0,2,lstm,extended
2018-07-11 23:00:00,38176.0,38851.8,42096.8,45341.7,2,lstm,extended
2018-07-12 00:00:00,34724.0,36058.5,39010.0,41961.6,2,lstm,extended
2018-07-12 01:00:00,31596.0,32981.0,35666.6,38352.3,2,lstm,extended
2018-07-12 02:00:00,29530.0,32064.7,34574.7,37084.8,2,lstm,extended
2018-07-12 03:00:00,28141.0,30624.0,33016.0,35408.0,2,lstm,extended
2018-07-12 04:00:00,27314.0,28966.7,31288.4,33610.1,2,lstm,extended
2018-07-12 05:00:00,27150.0,29684.4,31992.2,34299.9,2,lstm,extended
2018-07-12 06:00:00,28072.0,30970.5,33356.7,35742.8,2,lstm,extended
2018-07-12 07:00:00,29919.0,31969.9,34513.0,37056.1,2,lstm,extended
2018-07-12 08:00:00,32262.0,35471.0,38213.3,40955.6,2,lstm,extended
2018-07-12 09:00:00,34365.0,37454.0,40375.0,43296.0,2,lstm,extended
2018-07-12 10:00:00,36208.0,39315.8,42393.5,45471.2,2,lstm,extended
2018-07-12 11:00:00,38167.0,42502.0,45746.2,48990.4,2,lstm,extended
2018-07-12 12:00:00,39765.0,43422.1,46802.2,50182.2,2,lstm,extended
2018-07-12 13:00:00,41289.0,44333.3,47842.9,51352.4,2,lstm,extended
2018-07-12 14:00:00,42744.0,45245.0,48878.2,52511.5,2,lstm,extended
2018-07-12 15:00:00,43799.0,47426.3,51149.2,54872.1,2,lstm,extended
2018-07-12 16:00:00,44622.0,46555.3,50348.2,54141.1,2,lstm,extended
2018-07-12 17:00:00,45162.0,46833.7,50672.5,54511.2,2,lstm,extended
2018-07-12 18:00:00,45202.0,47621.3,51463.4,55305.6,2,lstm,extended
2018-07-12 19:00:00,44188.0,46703.6,50459.6,54215.6,2,lstm,extended
2018-07-12 20:00:00,42278.0,45082.9,48676.5,52270.2,2,lstm,extended
2018-07-12 21:00:00,40614.0,42766.9,46219.1,49671.3,2,lstm,extended
2018-07-12 22:00:00,39212.0,41053.8,44386.8,47719.8,2,lstm,extended
2018-07-12 23:00:00,36168.0,39441.2,42515.5,45589.8,2,lstm,extended
2018-07-13 00:00:00,32887.0,36307.3,39102.7,41898.0,2,lstm,extended
2018-07-13 01:00:00,30004.0,28307.9,31551.2,35054.7,3,xgboost,primary
2018-07-13 02:00:00,28104.0,26265.8,29400.0,32536.6,3,xgboost,primary
2018-07-13 03:00:00,26823.0,25607.8,28096.7,31268.7,3,xgboost,primary
2018-07-13 04:00:00,26097.0,25055.8,27361.1,30235.3,3,xgboost,primary
2018-07-13 05:00:00,26072.0,25003.2,27285.8,30090.7,3,xgboost,primary
2018-07-13 06:00:00,26969.0,25559.3,28095.5,31274.6,3,xgboost,primary
2018-07-13 07:00:00,28777.0,27079.5,29917.7,32799.0,3,xgboost,primary
2018-07-13 08:00:00,31322.0,29260.6,32477.8,35409.1,3,xgboost,primary
2018-07-13 09:00:00,33540.0,30662.8,34413.3,37424.1,3,xgboost,primary
2018-07-13 10:00:00,35506.0,31905.4,36130.2,39493.5,3,xgboost,primary
2018-07-13 11:00:00,37451.0,33047.4,38152.8,41018.0,3,xgboost,primary
2018-07-13 12:00:00,39153.0,34427.2,39436.1,42415.3,3,xgboost,primary
2018-07-13 13:00:00,40552.0,34912.1,40890.7,44111.1,3,xgboost,primary
2018-07-13 14:00:00,42200.0,35703.2,42750.3,45945.2,3,xgboost,primary
2018-07-13 15:00:00,43465.0,36206.1,43799.0,46731.6,3,xgboost,primary
2018-07-13 16:00:00,44485.0,36599.0,44262.3,47472.9,3,xgboost,primary
2018-07-13 17:00:00,45207.0,36891.0,44644.6,48503.8,3,xgboost,primary
2018-07-13 18:00:00,45368.0,36894.6,44528.4,48259.0,3,xgboost,primary
2018-07-13 19:00:00,44352.0,36209.0,42967.3,46632.5,3,xgboost,primary
2018-07-13 20:00:00,42301.0,35306.6,41742.2,45168.1,3,xgboost,primary
2018-07-13 21:00:00,40150.0,34773.1,40463.7,43625.4,3,xgboost,primary
2018-07-13 22:00:00,38638.0,34117.4,38898.9,42051.8,3,xgboost,primary
2018-07-13 23:00:00,35709.0,31769.0,35820.0,39222.2,3,xgboost,primary
2018-07-14 00:00:00,32597.0,28359.8,31900.4,34598.0,3,xgboost,primary
2018-07-13 01:00:00,30004.0,30041.3,30334.0,31132.3,3,chronos,primary
2018-07-13 02:00:00,28104.0,27939.3,28737.5,29535.8,3,chronos,primary
2018-07-13 03:00:00,26823.0,26582.2,27673.2,28471.4,3,chronos,primary
2018-07-13 04:00:00,26097.0,25783.9,27141.0,27939.3,3,chronos,primary
2018-07-13 05:00:00,26072.0,25544.5,27141.0,28231.9,3,chronos,primary
2018-07-13 06:00:00,26969.0,26076.6,27939.3,29535.8,3,chronos,primary
2018-07-13 07:00:00,28777.0,27407.1,29801.9,31664.5,3,chronos,primary
2018-07-13 08:00:00,31322.0,29801.9,31930.6,33819.8,3,chronos,primary
2018-07-13 09:00:00,33540.0,31664.5,34325.4,36214.6,3,chronos,primary
2018-07-13 10:00:00,35506.0,33500.5,36188.0,38848.9,3,chronos,primary
2018-07-13 11:00:00,37451.0,34857.5,38050.6,40977.6,3,chronos,primary
2018-07-13 12:00:00,39153.0,35921.9,39647.1,42840.2,3,chronos,primary
2018-07-13 13:00:00,40552.0,36720.2,41243.7,44702.8,3,chronos,primary
2018-07-13 14:00:00,42200.0,37784.5,42574.1,46299.3,3,chronos,primary
2018-07-13 15:00:00,43465.0,39088.3,43771.5,47363.7,3,chronos,primary
2018-07-13 16:00:00,44485.0,39620.5,44835.9,48694.1,3,chronos,primary
2018-07-13 17:00:00,45207.0,39886.6,45767.2,49492.4,3,chronos,primary
2018-07-13 18:00:00,45368.0,39886.6,46033.2,49758.5,3,chronos,primary
2018-07-13 19:00:00,44352.0,38848.9,45235.0,48986.8,3,chronos,primary
2018-07-13 20:00:00,42301.0,37252.3,43372.4,47363.7,3,chronos,primary
2018-07-13 21:00:00,40150.0,35895.3,41509.8,45501.1,3,chronos,primary
2018-07-13 22:00:00,38638.0,34591.5,39913.2,43904.5,3,chronos,primary
2018-07-13 23:00:00,35709.0,31930.6,36986.2,40711.5,3,chronos,primary
2018-07-14 00:00:00,32597.0,29003.6,33527.1,37252.3,3,chronos,primary
2018-07-13 01:00:00,30004.0,27875.7,30426.0,32976.4,3,lstm,primary
2018-07-13 02:00:00,28104.0,27073.0,29461.9,31850.7,3,lstm,primary
2018-07-13 03:00:00,26823.0,25237.2,27517.2,29797.1,3,lstm,primary
2018-07-13 04:00:00,26097.0,24455.9,26674.1,28892.4,3,lstm,primary
2018-07-13 05:00:00,26072.0,24798.7,27014.8,29230.9,3,lstm,primary
2018-07-13 06:00:00,26969.0,25601.8,27894.1,30186.5,3,lstm,primary
2018-07-13 07:00:00,28777.0,27615.5,30061.5,32507.5,3,lstm,primary
2018-07-13 08:00:00,31322.0,29488.8,32151.2,34813.6,3,lstm,primary
2018-07-13 09:00:00,33540.0,30891.0,33741.9,36592.8,3,lstm,primary
2018-07-13 10:00:00,35506.0,33625.1,36643.1,39661.1,3,lstm,primary
2018-07-13 11:00:00,37451.0,34090.4,37273.8,40457.1,3,lstm,primary
2018-07-13 12:00:00,39153.0,36506.8,39834.8,43162.8,3,lstm,primary
2018-07-13 13:00:00,40552.0,38233.3,41680.2,45127.1,3,lstm,primary
2018-07-13 14:00:00,42200.0,39225.9,42812.9,46399.9,3,lstm,primary
2018-07-13 15:00:00,43465.0,39500.7,43195.2,46889.8,3,lstm,primary
2018-07-13 16:00:00,44485.0,41763.4,45544.6,49325.9,3,lstm,primary
2018-07-13 17:00:00,45207.0,41508.8,45351.4,49194.0,3,lstm,primary
2018-07-13 18:00:00,45368.0,41383.4,45239.7,49095.9,3,lstm,primary
2018-07-13 19:00:00,44352.0,40479.3,44249.3,48019.2,3,lstm,primary
2018-07-13 20:00:00,42301.0,39591.7,43187.3,46782.9,3,lstm,primary
2018-07-13 21:00:00,40150.0,38491.2,41903.9,45316.7,3,lstm,primary
2018-07-13 22:00:00,38638.0,35830.5,39114.7,42398.9,3,lstm,primary
2018-07-13 23:00:00,35709.0,33404.2,36439.5,39474.7,3,lstm,primary
2018-07-14 00:00:00,32597.0,30156.2,32927.0,35697.7,3,lstm,primary
2018-07-13 01:00:00,30004.0,28307.9,31551.2,35054.7,3,xgboost,extended
2018-07-13 02:00:00,28104.0,26265.8,29400.0,32536.6,3,xgboost,extended
2018-07-13 03:00:00,26823.0,25607.8,28096.7,31268.7,3,xgboost,extended
2018-07-13 04:00:00,26097.0,25055.8,27361.1,30235.3,3,xgboost,extended
2018-07-13 05:00:00,26072.0,25003.2,27285.8,30090.7,3,xgboost,extended
2018-07-13 06:00:00,26969.0,25559.3,28095.5,31274.6,3,xgboost,extended
2018-07-13 07:00:00,28777.0,27079.5,29917.7,32799.0,3,xgboost,extended
2018-07-13 08:00:00,31322.0,29260.6,32477.8,35409.1,3,xgboost,extended
2018-07-13 09:00:00,33540.0,30662.8,34413.3,37424.1,3,xgboost,extended
2018-07-13 10:00:00,35506.0,31905.4,36130.2,39493.5,3,xgboost,extended
2018-07-13 11:00:00,37451.0,33047.4,38152.8,41018.0,3,xgboost,extended
2018-07-13 12:00:00,39153.0,34427.2,39436.1,42415.3,3,xgboost,extended
2018-07-13 13:00:00,40552.0,34912.1,40890.7,44111.1,3,xgboost,extended
2018-07-13 14:00:00,42200.0,35703.2,42750.3,45945.2,3,xgboost,extended
2018-07-13 15:00:00,43465.0,36206.1,43799.0,46731.6,3,xgboost,extended
2018-07-13 16:00:00,44485.0,36599.0,44262.3,47472.9,3,xgboost,extended
2018-07-13 17:00:00,45207.0,36891.0,44644.6,48503.8,3,xgboost,extended
2018-07-13 18:00:00,45368.0,36894.6,44528.4,48259.0,3,xgboost,extended
2018-07-13 19:00:00,44352.0,36209.0,42967.3,46632.5,3,xgboost,extended
2018-07-13 20:00:00,42301.0,35306.6,41742.2,45168.1,3,xgboost,extended
2018-07-13 21:00:00,40150.0,34773.1,40463.7,43625.4,3,xgboost,extended
2018-07-13 22:00:00,38638.0,34117.4,38898.9,42051.8,3,xgboost,extended
2018-07-13 23:00:00,35709.0,31769.0,35820.0,39222.2,3,xgboost,extended
2018-07-14 00:00:00,32597.0,28359.8,31900.4,34598.0,3,xgboost,extended
2018-07-14 01:00:00,29814.0,26470.8,29147.8,31812.5,3,xgboost,extended
2018-07-14 02:00:00,27773.0,25120.4,27488.5,29803.4,3,xgboost,extended
2018-07-14 03:00:00,26383.0,24199.0,26220.3,28589.5,3,xgboost,extended
2018-07-14 04:00:00,25464.0,23533.2,25601.5,27785.6,3,xgboost,extended
2018-07-14 05:00:00,25068.0,23128.1,25224.3,27558.5,3,xgboost,extended
2018-07-14 06:00:00,25066.0,23264.2,25086.9,27866.1,3,xgboost,extended
2018-07-14 07:00:00,25489.0,23738.9,25577.7,28435.0,3,xgboost,extended
2018-07-14 08:00:00,27241.0,25186.9,27453.7,30124.1,3,xgboost,extended
2018-07-14 09:00:00,29717.0,26467.6,29411.9,31534.9,3,xgboost,extended
2018-07-14 10:00:00,32295.0,28652.4,32181.4,33978.5,3,xgboost,extended
2018-07-14 11:00:00,34784.0,30274.4,34003.4,36438.8,3,xgboost,extended
2018-07-14 12:00:00,37040.0,30995.0,35649.7,38282.4,3,xgboost,extended
2018-07-14 13:00:00,38782.0,31474.7,37207.6,39713.7,3,xgboost,extended
2018-07-14 14:00:00,40343.0,32314.2,38806.6,42015.8,3,xgboost,extended
2018-07-14 15:00:00,41810.0,33274.1,39923.9,43096.5,3,xgboost,extended
2018-07-14 16:00:00,43166.0,33960.7,40843.1,44074.1,3,xgboost,extended
2018-07-14 17:00:00,44380.0,34411.9,41478.0,44818.0,3,xgboost,extended
2018-07-14 18:00:00,44984.0,34698.2,41687.5,45078.7,3,xgboost,extended
2018-07-14 19:00:00,44606.0,34551.5,41443.4,44615.0,3,xgboost,extended
2018-07-14 20:00:00,43030.0,33198.7,39851.0,43121.1,3,xgboost,extended
2018-07-14 21:00:00,41351.0,32563.1,38521.9,40704.2,3,xgboost,extended
2018-07-14 22:00:00,40018.0,31858.2,37055.9,39761.8,3,xgboost,extended
2018-07-14 23:00:00,37423.0,29908.6,34786.3,37500.5,3,xgboost,extended
2018-07-15 00:00:00,34543.0,27696.1,32001.6,34638.7,3,xgboost,extended
2018-07-15 01:00:00,31822.0,25829.7,29647.4,31967.5,3,xgboost,extended
2018-07-15 02:00:00,29820.0,24411.6,27534.1,29707.3,3,xgboost,extended
2018-07-15 03:00:00,28409.0,23766.4,26485.0,28559.7,3,xgboost,extended
2018-07-15 04:00:00,27472.0,23349.4,25064.2,27434.8,3,xgboost,extended
2018-07-15 05:00:00,26832.0,22852.8,24470.5,26894.8,3,xgboost,extended
2018-07-15 06:00:00,26712.0,22704.0,24358.3,26626.5,3,xgboost,extended
2018-07-15 07:00:00,26749.0,22919.4,24440.8,26809.2,3,xgboost,extended
2018-07-15 08:00:00,27771.0,23396.9,25971.7,28208.4,3,xgboost,extended
2018-07-15 09:00:00,29624.0,24975.0,27788.2,30836.3,3,xgboost,extended
2018-07-15 10:00:00,31808.0,27012.0,30236.0,33493.2,3,xgboost,extended
2018-07-15 11:00:00,33782.0,28535.3,33214.2,36898.1,3,xgboost,extended
2018-07-15 12:00:00,34840.0,30586.2,35684.8,39023.2,3,xgboost,extended
2018-07-15 13:00:00,35304.0,31588.7,37150.1,40596.9,3,xgboost,extended
2018-07-15 14:00:00,36039.0,32474.3,39379.8,42687.2,3,xgboost,extended
2018-07-15 15:00:00,36899.0,33095.0,41416.3,43967.4,3,xgboost,extended
2018-07-15 16:00:00,38385.0,34687.6,43439.1,45834.2,3,xgboost,extended
2018-07-15 17:00:00,40418.0,35895.7,43977.5,47902.2,3,xgboost,extended
2018-07-15 18:00:00,42005.0,36408.2,44999.3,48926.2,3,xgboost,extended
2018-07-15 19:00:00,42348.0,36185.1,44823.7,48342.1,3,xgboost,extended
2018-07-15 20:00:00,41550.0,35579.0,44417.1,46631.0,3,xgboost,extended
2018-07-15 21:00:00,40646.0,34834.5,42828.1,44825.7,3,xgboost,extended
2018-07-15 22:00:00,39819.0,34255.4,41131.5,43199.6,3,xgboost,extended
2018-07-15 23:00:00,37301.0,32954.2,38417.8,40426.3,3,xgboost,extended
2018-07-16 00:00:00,34259.0,29966.0,35420.9,38498.4,3,xgboost,extended
2018-07-16 01:00:00,31711.0,28290.2,32363.8,35425.0,3,xgboost,extended
2018-07-16 02:00:00,29945.0,26700.7,30649.1,34026.2,3,xgboost,extended
2018-07-16 03:00:00,28772.0,25331.4,29727.4,32529.1,3,xgboost,extended
2018-07-16 04:00:00,28250.0,24756.5,29089.4,31731.0,3,xgboost,extended
2018-07-16 05:00:00,28477.0,24293.8,28728.0,31694.9,3,xgboost,extended
2018-07-16 06:00:00,29784.0,24547.0,29519.8,32050.3,3,xgboost,extended
2018-07-16 07:00:00,31949.0,25649.0,29907.5,33819.4,3,xgboost,extended
2018-07-16 08:00:00,35160.0,29479.4,34359.1,37187.7,3,xgboost,extended
2018-07-16 09:00:00,38139.0,30621.6,36386.6,39046.7,3,xgboost,extended
2018-07-16 10:00:00,41134.0,31781.7,37583.5,41152.7,3,xgboost,extended
2018-07-16 11:00:00,44199.0,33712.8,39779.2,42985.7,3,xgboost,extended
2018-07-16 12:00:00,46981.0,34367.3,39751.7,43659.7,3,xgboost,extended
2018-07-16 13:00:00,49438.0,34713.1,39864.3,43684.8,3,xgboost,extended
2018-07-16 14:00:00,51410.0,34992.2,41130.7,44636.3,3,xgboost,extended
2018-07-16 15:00:00,52742.0,35252.4,41718.2,45115.2,3,xgboost,extended
2018-07-16 16:00:00,53408.0,36049.4,42425.5,46675.4,3,xgboost,extended
2018-07-16 17:00:00,53764.0,37843.5,44348.0,49130.5,3,xgboost,extended
2018-07-16 18:00:00,53352.0,38471.5,45562.3,50421.1,3,xgboost,extended
2018-07-16 19:00:00,52226.0,37758.2,44623.7,49740.4,3,xgboost,extended
2018-07-16 20:00:00,50618.0,37448.1,43875.7,48385.4,3,xgboost,extended
2018-07-16 21:00:00,49063.0,37294.9,43329.8,47317.3,3,xgboost,extended
2018-07-16 22:00:00,47205.0,36849.7,42560.8,46265.7,3,xgboost,extended
2018-07-16 23:00:00,43544.0,34836.3,39627.5,42796.9,3,xgboost,extended
2018-07-17 00:00:00,39928.0,30677.2,34362.3,38270.4,3,xgboost,extended
2018-07-17 01:00:00,36824.0,28626.3,31931.4,35571.7,3,xgboost,extended
2018-07-17 02:00:00,34665.0,27362.1,30409.3,33950.7,3,xgboost,extended
2018-07-17 03:00:00,33185.0,26047.1,29386.9,32652.0,3,xgboost,extended
2018-07-17 04:00:00,32284.0,25614.6,28987.8,32157.0,3,xgboost,extended
2018-07-17 05:00:00,32257.0,25635.4,29135.9,32358.0,3,xgboost,extended
2018-07-17 06:00:00,33401.0,26860.6,30234.0,33437.8,3,xgboost,extended
2018-07-17 07:00:00,35386.0,28300.5,31797.1,35645.6,3,xgboost,extended
2018-07-17 08:00:00,38360.0,31360.2,35341.3,38632.3,3,xgboost,extended
2018-07-17 09:00:00,40896.0,33756.8,38904.9,40898.0,3,xgboost,extended
2018-07-17 10:00:00,43309.0,36049.7,41927.6,44970.4,3,xgboost,extended
2018-07-17 11:00:00,45887.0,38603.0,45576.0,48539.7,3,xgboost,extended
2018-07-17 12:00:00,48061.0,39743.8,47916.2,51392.6,3,xgboost,extended
2018-07-17 13:00:00,49586.0,41590.7,50591.1,54581.0,3,xgboost,extended
2018-07-17 14:00:00,50490.0,42109.8,52324.6,56503.0,3,xgboost,extended
2018-07-17 15:00:00,49579.0,43026.7,53182.6,57321.6,3,xgboost,extended
2018-07-17 16:00:00,46917.0,43334.1,53522.8,57936.8,3,xgboost,extended
2018-07-17 17:00:00,45172.0,43706.6,54054.2,58429.1,3,xgboost,extended
2018-07-17 18:00:00,44681.0,43691.6,53973.8,58769.8,3,xgboost,extended
2018-07-17 19:00:00,43702.0,43081.2,52343.7,56589.6,3,xgboost,extended
2018-07-17 20:00:00,42426.0,42143.1,51389.9,55128.7,3,xgboost,extended
2018-07-17 21:00:00,41467.0,41573.1,50153.6,53358.3,3,xgboost,extended
2018-07-17 22:00:00,40267.0,40048.7,48427.6,51349.4,3,xgboost,extended
2018-07-17 23:00:00,37211.0,37636.7,44224.4,46534.8,3,xgboost,extended
2018-07-18 00:00:00,34033.0,34954.2,39776.6,42769.0,3,xgboost,extended
2018-07-18 01:00:00,31421.0,32238.9,36423.4,39687.8,3,xgboost,extended
2018-07-18 02:00:00,29604.0,30251.8,34317.1,38059.9,3,xgboost,extended
2018-07-18 03:00:00,28289.0,29294.9,33018.2,36345.4,3,xgboost,extended
2018-07-18 04:00:00,27404.0,28322.1,32171.5,35425.7,3,xgboost,extended
2018-07-18 05:00:00,27307.0,28196.6,32009.7,35306.8,3,xgboost,extended
2018-07-18 06:00:00,28141.0,29010.6,32906.6,36428.8,3,xgboost,extended
2018-07-18 07:00:00,29821.0,30144.0,34442.2,38141.0,3,xgboost,extended
2018-07-18 08:00:00,32274.0,32743.5,37131.8,40674.3,3,xgboost,extended
2018-07-18 09:00:00,34136.0,34659.6,39681.4,43313.6,3,xgboost,extended
2018-07-18 10:00:00,35766.0,36384.6,42901.6,45694.7,3,xgboost,extended
2018-07-18 11:00:00,37339.0,37938.7,45294.2,47945.6,3,xgboost,extended
2018-07-18 12:00:00,38927.0,39223.8,46773.7,50799.5,3,xgboost,extended
2018-07-18 13:00:00,40359.0,40247.6,48271.9,52584.2,3,xgboost,extended
2018-07-18 14:00:00,41680.0,40185.3,48085.4,52772.2,3,xgboost,extended
2018-07-18 15:00:00,42771.0,39862.7,47793.7,52960.6,3,xgboost,extended
2018-07-18 16:00:00,43742.0,37790.5,45312.2,49605.2,3,xgboost,extended
2018-07-18 17:00:00,44607.0,37315.2,44449.9,48338.1,3,xgboost,extended
2018-07-18 18:00:00,45057.0,37002.7,43853.6,47611.6,3,xgboost,extended
2018-07-18 19:00:00,44294.0,36098.3,42018.6,46098.6,3,xgboost,extended
2018-07-18 20:00:00,42401.0,35479.2,40896.3,44992.6,3,xgboost,extended
2018-07-18 21:00:00,40363.0,34982.9,39883.3,44069.1,3,xgboost,extended
2018-07-18 22:00:00,38647.0,34710.8,38990.3,42633.9,3,xgboost,extended
2018-07-18 23:00:00,35276.0,32627.9,36449.4,40065.9,3,xgboost,extended
2018-07-19 00:00:00,31896.0,29858.9,33517.6,36295.8,3,xgboost,extended
2018-07-19 01:00:00,29092.0,28075.5,31144.4,33643.5,3,xgboost,extended
2018-07-19 02:00:00,27128.0,26346.5,28936.9,31691.7,3,xgboost,extended
2018-07-19 03:00:00,25875.0,25673.9,27925.8,30611.9,3,xgboost,extended
2018-07-19 04:00:00,25119.0,25125.3,27132.0,29712.1,3,xgboost,extended
2018-07-19 05:00:00,25063.0,24990.6,27056.6,29641.9,3,xgboost,extended
2018-07-19 06:00:00,26089.0,25446.5,27750.1,30608.8,3,xgboost,extended
2018-07-19 07:00:00,27824.0,26996.7,29385.9,32480.5,3,xgboost,extended
2018-07-19 08:00:00,30110.0,29044.6,32058.7,35025.8,3,xgboost,extended
2018-07-19 09:00:00,31871.0,30399.1,34077.4,36632.3,3,xgboost,extended
2018-07-19 10:00:00,33321.0,31410.9,35677.1,38460.1,3,xgboost,extended
2018-07-19 11:00:00,34909.0,32693.7,37482.4,39947.7,3,xgboost,extended
2018-07-19 12:00:00,36419.0,34035.4,38859.9,41672.2,3,xgboost,extended
2018-07-19 13:00:00,37768.0,34869.5,40522.3,43665.2,3,xgboost,extended
2018-07-19 14:00:00,39359.0,35350.5,41943.6,45112.3,3,xgboost,extended
2018-07-19 15:00:00,40755.0,35886.2,42941.8,46742.0,3,xgboost,extended
2018-07-19 16:00:00,42256.0,36491.4,44621.8,47689.6,3,xgboost,extended
2018-07-19 17:00:00,43598.0,37368.9,45367.5,48520.1,3,xgboost,extended
2018-07-19 18:00:00,44317.0,37609.1,45650.4,49314.1,3,xgboost,extended
2018-07-19 19:00:00,43602.0,36926.0,44269.4,47905.1,3,xgboost,extended
2018-07-19 20:00:00,41774.0,35911.1,42464.2,45815.0,3,xgboost,extended
2018-07-19 21:00:00,39779.0,35094.1,40294.9,44162.2,3,xgboost,extended
2018-07-19 22:00:00,38082.0,33433.1,38518.5,42194.3,3,xgboost,extended
2018-07-19 23:00:00,34983.0,31408.1,35254.7,38598.1,3,xgboost,extended
2018-07-20 00:00:00,31740.0,28674.4,31833.8,34878.4,3,xgboost,extended
2018-07-13 01:00:00,30004.0,30068.0,30334.0,30866.2,3,chronos,extended
2018-07-13 02:00:00,28104.0,27939.3,28737.5,29269.7,3,chronos,extended
2018-07-13 03:00:00,26823.0,26608.8,27673.2,28205.3,3,chronos,extended
2018-07-13 04:00:00,26097.0,25810.6,27141.0,27939.3,3,chronos,extended
2018-07-13 05:00:00,26072.0,25783.9,27141.0,28205.3,3,chronos,extended
2018-07-13 06:00:00,26969.0,26342.7,27939.3,29269.7,3,chronos,extended
2018-07-13 07:00:00,28777.0,27912.6,29801.9,31398.4,3,chronos,extended
2018-07-13 08:00:00,31322.0,29801.9,31930.6,33793.2,3,chronos,extended
2018-07-13 09:00:00,33540.0,31904.0,34059.3,35948.5,3,chronos,extended
2018-07-13 10:00:00,35506.0,33500.5,36188.0,38316.7,3,chronos,extended
2018-07-13 11:00:00,37451.0,34857.5,38050.6,40472.0,3,chronos,extended
2018-07-13 12:00:00,39153.0,35895.3,39647.1,42840.2,3,chronos,extended
2018-07-13 13:00:00,40552.0,36720.2,40977.6,44968.9,3,chronos,extended
2018-07-13 14:00:00,42200.0,37518.4,42574.1,46565.4,3,chronos,extended
2018-07-13 15:00:00,43465.0,38050.6,43904.5,47656.4,3,chronos,extended
2018-07-13 16:00:00,44485.0,38848.9,44968.9,48960.2,3,chronos,extended
2018-07-13 17:00:00,45207.0,39381.0,45767.2,49785.1,3,chronos,extended
2018-07-13 18:00:00,45368.0,39620.5,46033.2,50024.6,3,chronos,extended
2018-07-13 19:00:00,44352.0,38822.3,45235.0,49252.9,3,chronos,extended
2018-07-13 20:00:00,42301.0,37252.3,43638.5,47656.4,3,chronos,extended
2018-07-13 21:00:00,40150.0,35921.9,41775.8,45767.2,3,chronos,extended
2018-07-13 22:00:00,38638.0,35123.6,40445.4,43931.1,3,chronos,extended
2018-07-13 23:00:00,35709.0,32196.7,37252.3,40738.1,3,chronos,extended
2018-07-14 00:00:00,32597.0,29269.7,34059.3,37252.3,3,chronos,extended
2018-07-14 01:00:00,29814.0,26874.9,31132.3,34085.9,3,chronos,extended
2018-07-14 02:00:00,27773.0,25012.3,29269.7,31691.1,3,chronos,extended
2018-07-14 03:00:00,26383.0,23681.8,27673.2,30334.0,3,chronos,extended
2018-07-14 04:00:00,25464.0,22883.6,26874.9,29269.7,3,chronos,extended
2018-07-14 05:00:00,25068.0,22351.4,26342.7,28764.1,3,chronos,extended
2018-07-14 06:00:00,25066.0,22590.9,26342.7,29003.6,3,chronos,extended
2018-07-14 07:00:00,25489.0,22857.0,26874.9,29801.9,3,chronos,extended
2018-07-14 08:00:00,27241.0,23947.9,28205.3,31664.5,3,chronos,extended
2018-07-14 09:00:00,29717.0,25278.4,30467.1,34591.5,3,chronos,extended
2018-07-14 10:00:00,32295.0,26874.9,32728.8,37518.4,3,chronos,extended
2018-07-14 11:00:00,34784.0,28444.8,34990.6,40445.4,3,chronos,extended
2018-07-14 12:00:00,37040.0,29535.8,36853.2,42866.8,3,chronos,extended
2018-07-14 13:00:00,38782.0,30866.2,38582.8,45022.1,3,chronos,extended
2018-07-14 14:00:00,40343.0,31664.5,40046.3,46592.0,3,chronos,extended
2018-07-14 15:00:00,41810.0,32436.1,40977.6,47922.5,3,chronos,extended
2018-07-14 16:00:00,43166.0,33261.0,42308.0,48747.3,3,chronos,extended
2018-07-14 17:00:00,44380.0,34272.2,43372.4,49492.4,3,chronos,extended
2018-07-14 18:00:00,44984.0,34830.9,44303.7,50024.6,3,chronos,extended
2018-07-14 19:00:00,44606.0,34325.4,44170.6,50024.6,3,chronos,extended
2018-07-14 20:00:00,43030.0,33234.4,42707.1,48720.7,3,chronos,extended
2018-07-14 21:00:00,41351.0,32170.1,40977.6,47097.6,3,chronos,extended
2018-07-14 22:00:00,40018.0,31132.3,39514.1,45235.0,3,chronos,extended
2018-07-14 23:00:00,37423.0,28977.0,36720.2,42308.0,3,chronos,extended
2018-07-15 00:00:00,34543.0,26342.7,33527.1,39115.0,3,chronos,extended
2018-07-15 01:00:00,31822.0,24214.0,30866.2,36188.0,3,chronos,extended
2018-07-15 02:00:00,29820.0,23123.1,28737.5,33819.8,3,chronos,extended
2018-07-15 03:00:00,28409.0,22085.3,27407.1,32196.7,3,chronos,extended
2018-07-15 04:00:00,27472.0,21287.1,26475.8,30892.8,3,chronos,extended
2018-07-15 05:00:00,26832.0,20754.9,25810.6,29828.5,3,chronos,extended
2018-07-15 06:00:00,26712.0,20488.8,25544.5,29801.9,3,chronos,extended
2018-07-15 07:00:00,26749.0,20728.3,25677.5,30068.0,3,chronos,extended
2018-07-15 08:00:00,27771.0,21526.5,26608.8,31398.4,3,chronos,extended
2018-07-15 09:00:00,29624.0,23149.7,28072.3,34059.3,3,chronos,extended
2018-07-15 10:00:00,31808.0,24985.7,30201.0,36720.2,3,chronos,extended
2018-07-15 11:00:00,33782.0,26848.3,32462.8,39407.7,3,chronos,extended
2018-07-15 12:00:00,34840.0,28391.6,34325.4,42308.0,3,chronos,extended
2018-07-15 13:00:00,35304.0,29216.5,35788.9,44968.9,3,chronos,extended
2018-07-15 14:00:00,36039.0,30068.0,37385.4,46592.0,3,chronos,extended
2018-07-15 15:00:00,36899.0,31637.9,38848.9,48694.1,3,chronos,extended
2018-07-15 16:00:00,38385.0,33207.8,40312.4,49785.1,3,chronos,extended
2018-07-15 17:00:00,40418.0,41111.9,41652.9,41950.4,3,chronos,extended
2018-07-15 18:00:00,42005.0,41382.4,42464.3,43275.7,3,chronos,extended
2018-07-15 19:00:00,42348.0,40841.4,42193.8,43275.7,3,chronos,extended
2018-07-15 20:00:00,41550.0,39489.1,40841.4,42464.3,3,chronos,extended
2018-07-15 21:00:00,40646.0,37866.2,39489.1,41111.9,3,chronos,extended
2018-07-15 22:00:00,39819.0,36513.9,38677.7,40030.0,3,chronos,extended
2018-07-15 23:00:00,37301.0,33809.1,35702.4,37595.8,3,chronos,extended
2018-07-16 00:00:00,34259.0,31104.4,32727.2,34377.1,3,chronos,extended
2018-07-16 01:00:00,31711.0,28670.2,30022.5,31915.8,3,chronos,extended
2018-07-16 02:00:00,29945.0,26776.8,28264.4,30022.5,3,chronos,extended
2018-07-16 03:00:00,28772.0,25424.5,27047.3,28940.6,3,chronos,extended
2018-07-16 04:00:00,28250.0,24856.5,26371.1,28129.2,3,chronos,extended
2018-07-16 05:00:00,28477.0,24613.1,26506.4,28129.2,3,chronos,extended
2018-07-16 06:00:00,29784.0,25154.0,27317.8,29211.1,3,chronos,extended
2018-07-16 07:00:00,31949.0,26506.4,29211.1,31131.5,3,chronos,extended
2018-07-16 08:00:00,35160.0,28670.2,31645.4,33809.1,3,chronos,extended
2018-07-16 09:00:00,38139.0,30536.4,33809.1,36243.4,3,chronos,extended
2018-07-16 10:00:00,41134.0,32186.3,35702.4,38434.2,3,chronos,extended
2018-07-16 11:00:00,44199.0,34052.6,37595.8,40598.0,3,chronos,extended
2018-07-16 12:00:00,46981.0,35702.4,39353.8,42761.8,3,chronos,extended
2018-07-16 13:00:00,49438.0,37054.8,40841.4,44952.6,3,chronos,extended
2018-07-16 14:00:00,51410.0,38380.1,42734.8,47089.4,3,chronos,extended
2018-07-16 15:00:00,52742.0,39489.1,44357.6,48982.7,3,chronos,extended
2018-07-16 16:00:00,53408.0,40814.4,45710.0,50335.0,3,chronos,extended
2018-07-16 17:00:00,53764.0,41652.9,46927.1,51389.9,3,chronos,extended
2018-07-16 18:00:00,53352.0,42193.8,47468.0,51930.8,3,chronos,extended
2018-07-16 19:00:00,52226.0,41625.8,47062.3,51660.4,3,chronos,extended
2018-07-16 20:00:00,50618.0,39759.5,45304.2,50064.6,3,chronos,extended
2018-07-16 21:00:00,49063.0,38136.7,43816.6,48171.3,3,chronos,extended
2018-07-16 22:00:00,47205.0,37027.8,42193.8,46521.4,3,chronos,extended
2018-07-16 23:00:00,43544.0,34079.6,38948.1,43032.3,3,chronos,extended
2018-07-17 00:00:00,39928.0,31347.8,35972.9,40030.0,3,chronos,extended
2018-07-17 01:00:00,36824.0,28940.6,32862.5,37325.3,3,chronos,extended
2018-07-17 02:00:00,34665.0,27290.7,30833.9,34891.0,3,chronos,extended
2018-07-17 03:00:00,33185.0,25965.4,29481.6,33538.7,3,chronos,extended
2018-07-17 04:00:00,32284.0,25424.5,28940.6,33268.2,3,chronos,extended
2018-07-17 05:00:00,32257.0,25667.9,28940.6,33268.2,3,chronos,extended
2018-07-17 06:00:00,33401.0,26479.3,29887.3,34377.1,3,chronos,extended
2018-07-17 07:00:00,35386.0,28372.6,31645.4,36811.4,3,chronos,extended
2018-07-17 08:00:00,38360.0,30293.0,34214.9,38975.2,3,chronos,extended
2018-07-17 09:00:00,40896.0,32456.8,36243.4,42193.8,3,chronos,extended
2018-07-17 10:00:00,43309.0,34052.6,38677.7,44628.1,3,chronos,extended
2018-07-17 11:00:00,45887.0,35945.9,40841.4,47089.4,3,chronos,extended
2018-07-17 12:00:00,48061.0,37568.7,42734.8,49253.1,3,chronos,extended
2018-07-17 13:00:00,49586.0,38677.7,44628.1,50848.9,3,chronos,extended
2018-07-17 14:00:00,50490.0,40003.0,46386.1,52201.3,3,chronos,extended
2018-07-17 15:00:00,49579.0,41652.9,47873.7,53607.8,3,chronos,extended
2018-07-17 16:00:00,46917.0,43248.6,48955.6,55203.6,3,chronos,extended
2018-07-17 17:00:00,45172.0,44060.1,49767.1,56258.4,3,chronos,extended
2018-07-17 18:00:00,44681.0,44033.0,50037.5,56285.4,3,chronos,extended
2018-07-17 19:00:00,43702.0,43005.2,49226.1,55717.5,3,chronos,extended
2018-07-17 20:00:00,42426.0,41652.9,47332.8,54121.7,3,chronos,extended
2018-07-17 21:00:00,41467.0,40300.5,45304.2,52228.4,3,chronos,extended
2018-07-17 22:00:00,40267.0,39218.6,43816.6,50605.5,3,chronos,extended
2018-07-17 23:00:00,37211.0,35702.4,40571.0,46791.8,3,chronos,extended
2018-07-18 00:00:00,34033.0,32456.8,37054.8,43005.2,3,chronos,extended
2018-07-18 01:00:00,31421.0,30265.9,34214.9,40030.0,3,chronos,extended
2018-07-18 02:00:00,29604.0,28372.6,32186.3,37379.4,3,chronos,extended
2018-07-18 03:00:00,28289.0,27020.3,30833.9,35513.1,3,chronos,extended
2018-07-18 04:00:00,27404.0,26235.9,30022.5,34431.2,3,chronos,extended
2018-07-18 05:00:00,27307.0,26208.8,30157.8,34377.1,3,chronos,extended
2018-07-18 06:00:00,28141.0,27047.3,30969.2,34891.0,3,chronos,extended
2018-07-18 07:00:00,29821.0,28670.2,32997.7,36784.3,3,chronos,extended
2018-07-18 08:00:00,32274.0,30563.5,35161.5,39516.1,3,chronos,extended
2018-07-18 09:00:00,34136.0,36776.7,37325.6,38149.0,3,chronos,extended
2018-07-18 10:00:00,35766.0,38697.9,39795.7,40619.0,3,chronos,extended
2018-07-18 11:00:00,37339.0,40619.0,41716.8,42814.7,3,chronos,extended
2018-07-18 12:00:00,38927.0,42265.8,43912.5,45284.7,3,chronos,extended
2018-07-18 13:00:00,40359.0,43912.5,45559.2,47205.9,3,chronos,extended
2018-07-18 14:00:00,41680.0,45284.7,47205.9,48852.6,3,chronos,extended
2018-07-18 15:00:00,42771.0,46382.6,48440.9,50252.3,3,chronos,extended
2018-07-18 16:00:00,43742.0,47205.9,49401.5,51871.6,3,chronos,extended
2018-07-18 17:00:00,44607.0,47754.8,50224.9,52969.4,3,chronos,extended
2018-07-18 18:00:00,45057.0,47754.8,50224.9,53243.9,3,chronos,extended
2018-07-18 19:00:00,44294.0,46657.0,48852.6,52448.0,3,chronos,extended
2018-07-18 20:00:00,42401.0,44461.4,46931.5,50773.8,3,chronos,extended
2018-07-18 21:00:00,40363.0,42814.7,45010.3,49127.1,3,chronos,extended
2018-07-18 22:00:00,38647.0,41140.5,43638.0,47205.9,3,chronos,extended
2018-07-18 23:00:00,35276.0,38121.5,40344.6,43912.5,3,chronos,extended
2018-07-19 00:00:00,31896.0,34855.5,36776.7,40070.1,3,chronos,extended
2018-07-19 01:00:00,29092.0,32111.0,34032.2,37325.6,3,chronos,extended
2018-07-19 02:00:00,27128.0,30189.8,31836.5,35130.0,3,chronos,extended
2018-07-19 03:00:00,25875.0,28817.6,30464.3,33510.7,3,chronos,extended
2018-07-19 04:00:00,25119.0,27994.2,29640.9,32385.4,3,chronos,extended
2018-07-19 05:00:00,25063.0,27966.8,29640.9,32111.0,3,chronos,extended
2018-07-19 06:00:00,26089.0,28543.1,30464.3,32687.3,3,chronos,extended
2018-07-19 07:00:00,27824.0,30189.8,32248.2,34581.1,3,chronos,extended
2018-07-19 08:00:00,30110.0,32358.0,34443.8,36804.1,3,chronos,extended
2018-07-19 09:00:00,31871.0,34306.6,36639.5,39521.2,3,chronos,extended
2018-07-19 10:00:00,33321.0,36227.8,38697.9,41991.3,3,chronos,extended
2018-07-19 11:00:00,34909.0,37874.5,40893.5,44461.4,3,chronos,extended
2018-07-19 12:00:00,36419.0,39493.8,42814.7,46657.0,3,chronos,extended
2018-07-19 13:00:00,37768.0,40591.6,44186.9,48303.7,3,chronos,extended
2018-07-19 14:00:00,39359.0,41689.4,45833.6,49977.9,3,chronos,extended
2018-07-19 15:00:00,40755.0,42540.2,47205.9,51597.2,3,chronos,extended
2018-07-19 16:00:00,42256.0,43885.0,48029.3,52722.4,3,chronos,extended
2018-07-19 17:00:00,43598.0,44461.4,48852.6,53545.8,3,chronos,extended
2018-07-19 18:00:00,44317.0,44461.4,48852.6,53573.2,3,chronos,extended
2018-07-19 19:00:00,43602.0,43610.6,47754.8,52749.9,3,chronos,extended
2018-07-19 20:00:00,41774.0,41963.9,45833.6,51075.7,3,chronos,extended
2018-07-19 21:00:00,39779.0,40317.1,43912.5,49127.1,3,chronos,extended
2018-07-19 22:00:00,38082.0,39246.8,42540.2,47754.8,3,chronos,extended
2018-07-19 23:00:00,34983.0,36200.3,39521.2,44241.8,3,chronos,extended
2018-07-20 00:00:00,31740.0,32934.4,36227.8,40673.9,3,chronos,extended
2018-07-13 01:00:00,30004.0,27982.2,30532.6,33082.9,3,lstm,extended
2018-07-13 02:00:00,28104.0,27399.1,29788.0,32176.8,3,lstm,extended
2018-07-13 03:00:00,26823.0,25418.2,27698.1,29978.1,3,lstm,extended
2018-07-13 04:00:00,26097.0,24548.8,26767.0,28985.3,3,lstm,extended
2018-07-13 05:00:00,26072.0,24505.5,26721.7,28937.8,3,lstm,extended
2018-07-13 06:00:00,26969.0,26711.7,29004.1,31296.5,3,lstm,extended
2018-07-13 07:00:00,28777.0,27332.8,29778.9,32224.9,3,lstm,extended
2018-07-13 08:00:00,31322.0,29419.3,32081.6,34744.0,3,lstm,extended
2018-07-13 09:00:00,33540.0,31791.6,34642.5,37493.4,3,lstm,extended
2018-07-13 10:00:00,35506.0,33795.6,36813.6,39831.6,3,lstm,extended
2018-07-13 11:00:00,37451.0,34800.6,37983.9,41167.2,3,lstm,extended
2018-07-13 12:00:00,39153.0,35851.9,39179.9,42508.0,3,lstm,extended
2018-07-13 13:00:00,40552.0,37410.2,40857.1,44304.0,3,lstm,extended
2018-07-13 14:00:00,42200.0,39525.3,43112.3,46699.3,3,lstm,extended
2018-07-13 15:00:00,43465.0,39652.8,43347.3,47041.9,3,lstm,extended
2018-07-13 16:00:00,44485.0,41639.8,45421.0,49202.2,3,lstm,extended
2018-07-13 17:00:00,45207.0,41351.7,45194.3,49036.9,3,lstm,extended
2018-07-13 18:00:00,45368.0,40920.6,44776.9,48633.2,3,lstm,extended
2018-07-13 19:00:00,44352.0,41427.2,45197.1,48967.0,3,lstm,extended
2018-07-13 20:00:00,42301.0,39611.3,43206.9,46802.5,3,lstm,extended
2018-07-13 21:00:00,40150.0,37149.4,40562.1,43974.9,3,lstm,extended
2018-07-13 22:00:00,38638.0,35922.7,39206.9,42491.1,3,lstm,extended
2018-07-13 23:00:00,35709.0,33338.3,36373.5,39408.8,3,lstm,extended
2018-07-14 00:00:00,32597.0,29644.6,32415.4,35186.1,3,lstm,extended
2018-07-14 01:00:00,29814.0,27304.1,29838.2,32372.4,3,lstm,extended
2018-07-14 02:00:00,27773.0,25797.9,28158.6,30519.3,3,lstm,extended
2018-07-14 03:00:00,26383.0,25246.0,27488.6,29731.1,3,lstm,extended
2018-07-14 04:00:00,25464.0,24622.0,26786.4,28950.9,3,lstm,extended
2018-07-14 05:00:00,25068.0,23976.8,26107.6,28238.4,3,lstm,extended
2018-07-14 06:00:00,25066.0,23641.0,25771.6,27902.2,3,lstm,extended
2018-07-14 07:00:00,25489.0,23954.1,26120.7,28287.2,3,lstm,extended
2018-07-14 08:00:00,27241.0,25631.0,27946.5,30262.0,3,lstm,extended
2018-07-14 09:00:00,29717.0,27147.3,29673.3,32199.2,3,lstm,extended
2018-07-14 10:00:00,32295.0,30001.5,32746.6,35491.7,3,lstm,extended
2018-07-14 11:00:00,34784.0,31453.8,34410.4,37367.0,3,lstm,extended
2018-07-14 12:00:00,37040.0,32639.9,35788.3,38936.7,3,lstm,extended
2018-07-14 13:00:00,38782.0,34148.6,37445.0,40741.5,3,lstm,extended
2018-07-14 14:00:00,40343.0,36039.4,39468.5,42897.7,3,lstm,extended
2018-07-14 15:00:00,41810.0,36449.9,40003.8,43557.6,3,lstm,extended
2018-07-14 16:00:00,43166.0,37179.3,40848.4,44517.5,3,lstm,extended
2018-07-14 17:00:00,44380.0,38971.9,42744.2,46516.5,3,lstm,extended
2018-07-14 18:00:00,44984.0,38693.1,42516.8,46340.4,3,lstm,extended
2018-07-14 19:00:00,44606.0,39575.5,43367.0,47158.5,3,lstm,extended
2018-07-14 20:00:00,43030.0,38350.0,42007.6,45665.1,3,lstm,extended
2018-07-14 21:00:00,41351.0,36190.7,39705.5,43220.4,3,lstm,extended
2018-07-14 22:00:00,40018.0,35913.0,39314.5,42716.0,3,lstm,extended
2018-07-14 23:00:00,37423.0,32267.0,35448.0,38628.9,3,lstm,extended
2018-07-15 00:00:00,34543.0,30499.4,33435.6,36371.7,3,lstm,extended
2018-07-15 01:00:00,31822.0,26984.5,29689.4,32394.2,3,lstm,extended
2018-07-15 02:00:00,29820.0,24737.9,27272.6,29807.3,3,lstm,extended
2018-07-15 03:00:00,28409.0,25036.8,27451.6,29866.3,3,lstm,extended
2018-07-15 04:00:00,27472.0,23763.8,26098.9,28434.0,3,lstm,extended
2018-07-15 05:00:00,26832.0,22829.6,25110.3,27391.1,3,lstm,extended
2018-07-15 06:00:00,26712.0,23013.8,25284.4,27554.9,3,lstm,extended
2018-07-15 07:00:00,26749.0,22829.7,25103.4,27377.1,3,lstm,extended
2018-07-15 08:00:00,27771.0,24799.2,27159.7,29520.2,3,lstm,extended
2018-07-15 09:00:00,29624.0,25566.5,28084.5,30602.6,3,lstm,extended
2018-07-15 10:00:00,31808.0,27157.9,29861.5,32565.2,3,lstm,extended
2018-07-15 11:00:00,33782.0,30479.0,33350.5,36222.0,3,lstm,extended
2018-07-15 12:00:00,34840.0,32440.1,35401.5,38362.9,3,lstm,extended
2018-07-15 13:00:00,35304.0,33523.9,36524.8,39525.6,3,lstm,extended
2018-07-15 14:00:00,36039.0,34618.1,37681.4,40744.7,3,lstm,extended
2018-07-15 15:00:00,36899.0,36593.2,39729.6,42866.0,3,lstm,extended
2018-07-15 16:00:00,38385.0,38326.6,41589.3,44852.0,3,lstm,extended
2018-07-15 17:00:00,40418.0,39342.3,42777.8,46213.4,3,lstm,extended
2018-07-15 18:00:00,42005.0,40676.0,44246.4,47816.9,3,lstm,extended
2018-07-15 19:00:00,42348.0,39323.6,42923.2,46522.7,3,lstm,extended
2018-07-15 20:00:00,41550.0,39745.3,43277.1,46808.8,3,lstm,extended
2018-07-15 21:00:00,40646.0,36504.1,39959.0,43413.9,3,lstm,extended
2018-07-15 22:00:00,39819.0,36225.0,39609.6,42994.2,3,lstm,extended
2018-07-15 23:00:00,37301.0,33367.5,36538.1,39708.7,3,lstm,extended
2018-07-16 00:00:00,34259.0,30732.0,33644.1,36556.1,3,lstm,extended
2018-07-16 01:00:00,31711.0,28330.2,31025.7,33721.1,3,lstm,extended
2018-07-16 02:00:00,29945.0,26984.0,29529.3,32074.6,3,lstm,extended
2018-07-16 03:00:00,28772.0,25304.5,27750.1,30195.8,3,lstm,extended
2018-07-16 04:00:00,28250.0,24691.8,27093.0,29494.3,3,lstm,extended
2018-07-16 05:00:00,28477.0,25613.9,28034.5,30455.0,3,lstm,extended
2018-07-16 06:00:00,29784.0,26406.8,28938.4,31470.1,3,lstm,extended
2018-07-16 07:00:00,31949.0,28068.1,30783.8,33499.4,3,lstm,extended
2018-07-16 08:00:00,35160.0,29367.5,32356.1,35344.7,3,lstm,extended
2018-07-16 09:00:00,38139.0,32367.6,35609.4,38851.2,3,lstm,extended
2018-07-16 10:00:00,41134.0,33357.7,36854.1,40350.5,3,lstm,extended
2018-07-16 11:00:00,44199.0,35538.1,39295.0,43051.9,3,lstm,extended
2018-07-16 12:00:00,46981.0,35045.3,39038.6,43032.0,3,lstm,extended
2018-07-16 13:00:00,49438.0,36512.1,40714.3,44916.5,3,lstm,extended
2018-07-16 14:00:00,51410.0,37828.5,42198.3,46568.2,3,lstm,extended
2018-07-16 15:00:00,52742.0,38717.5,43200.6,47683.7,3,lstm,extended
2018-07-16 16:00:00,53408.0,39446.5,43986.2,48525.9,3,lstm,extended
2018-07-16 17:00:00,53764.0,40390.6,44960.5,49530.5,3,lstm,extended
2018-07-16 18:00:00,53352.0,41387.5,45922.4,50457.4,3,lstm,extended
2018-07-16 19:00:00,52226.0,41378.8,45818.0,50257.2,3,lstm,extended
2018-07-16 20:00:00,50618.0,41157.6,45460.1,49762.6,3,lstm,extended
2018-07-16 21:00:00,49063.0,40415.2,44585.6,48755.9,3,lstm,extended
2018-07-16 22:00:00,47205.0,37853.5,41866.0,45878.4,3,lstm,extended
2018-07-16 23:00:00,43544.0,35386.7,39087.9,42789.2,3,lstm,extended
2018-07-17 00:00:00,39928.0,32856.0,36249.9,39643.8,3,lstm,extended
2018-07-17 01:00:00,36824.0,28918.7,32048.8,35178.8,3,lstm,extended
2018-07-17 02:00:00,34665.0,27900.4,30847.0,33793.5,3,lstm,extended
2018-07-17 03:00:00,33185.0,26662.5,29483.2,32303.9,3,lstm,extended
2018-07-17 04:00:00,32284.0,25393.7,28137.8,30881.9,3,lstm,extended
2018-07-17 05:00:00,32257.0,26741.1,29483.0,32224.8,3,lstm,extended
2018-07-17 06:00:00,33401.0,27358.2,30197.2,33036.3,3,lstm,extended
2018-07-17 07:00:00,35386.0,28751.2,31759.0,34766.8,3,lstm,extended
2018-07-17 08:00:00,38360.0,31985.5,35246.1,38506.7,3,lstm,extended
2018-07-17 09:00:00,40896.0,33881.7,37357.9,40834.0,3,lstm,extended
2018-07-17 10:00:00,43309.0,35803.6,39484.9,43166.1,3,lstm,extended
2018-07-17 11:00:00,45887.0,37722.0,41622.4,45522.8,3,lstm,extended
2018-07-17 12:00:00,48061.0,40546.2,44631.4,48716.6,3,lstm,extended
2018-07-17 13:00:00,49586.0,42675.8,46890.7,51105.5,3,lstm,extended
2018-07-17 14:00:00,50490.0,45517.0,49808.7,54100.3,3,lstm,extended
2018-07-17 15:00:00,49579.0,45195.9,49410.1,53624.3,3,lstm,extended
2018-07-17 16:00:00,46917.0,47524.4,51512.4,55500.3,3,lstm,extended
2018-07-17 17:00:00,45172.0,46417.3,50256.9,54096.5,3,lstm,extended
2018-07-17 18:00:00,44681.0,47901.4,51699.2,55497.1,3,lstm,extended
2018-07-17 19:00:00,43702.0,46573.5,50288.1,54002.8,3,lstm,extended
2018-07-17 20:00:00,42426.0,44526.4,48132.6,51738.8,3,lstm,extended
2018-07-17 21:00:00,41467.0,44345.1,47869.8,51394.5,3,lstm,extended
2018-07-17 22:00:00,40267.0,42012.1,45434.8,48857.5,3,lstm,extended
2018-07-17 23:00:00,37211.0,38953.5,42116.4,45279.4,3,lstm,extended
2018-07-18 00:00:00,34033.0,34631.2,37524.0,40416.8,3,lstm,extended
2018-07-18 01:00:00,31421.0,32466.9,35137.7,37808.4,3,lstm,extended
2018-07-18 02:00:00,29604.0,30572.3,33088.7,35605.0,3,lstm,extended
2018-07-18 03:00:00,28289.0,29236.4,31641.0,34045.6,3,lstm,extended
2018-07-18 04:00:00,27404.0,29026.0,31355.4,33684.7,3,lstm,extended
2018-07-18 05:00:00,27307.0,28749.9,31071.0,33392.1,3,lstm,extended
2018-07-18 06:00:00,28141.0,29664.2,32056.2,34448.2,3,lstm,extended
2018-07-18 07:00:00,29821.0,31015.3,33550.0,36084.8,3,lstm,extended
2018-07-18 08:00:00,32274.0,33138.9,35882.2,38625.5,3,lstm,extended
2018-07-18 09:00:00,34136.0,36378.4,39279.9,42181.5,3,lstm,extended
2018-07-18 10:00:00,35766.0,37515.7,40555.8,43595.9,3,lstm,extended
2018-07-18 11:00:00,37339.0,39430.0,42603.8,45777.6,3,lstm,extended
2018-07-18 12:00:00,38927.0,41357.1,44665.9,47974.7,3,lstm,extended
2018-07-18 13:00:00,40359.0,44293.3,47723.8,51154.3,3,lstm,extended
2018-07-18 14:00:00,41680.0,44957.9,48500.7,52043.5,3,lstm,extended
2018-07-18 15:00:00,42771.0,44562.8,48198.3,51833.9,3,lstm,extended
2018-07-18 16:00:00,43742.0,43265.4,46983.4,50701.5,3,lstm,extended
2018-07-18 17:00:00,44607.0,44915.3,48706.9,52498.5,3,lstm,extended
2018-07-18 18:00:00,45057.0,43919.7,47749.5,51579.3,3,lstm,extended
2018-07-18 19:00:00,44294.0,43238.4,47003.4,50768.4,3,lstm,extended
2018-07-18 20:00:00,42401.0,40992.8,44596.9,48200.9,3,lstm,extended
2018-07-18 21:00:00,40363.0,39520.2,42951.0,46381.9,3,lstm,extended
2018-07-18 22:00:00,38647.0,38779.3,42064.3,45349.3,3,lstm,extended
2018-07-18 23:00:00,35276.0,35037.6,38036.1,41034.5,3,lstm,extended
2018-07-19 00:00:00,31896.0,32270.2,34981.3,37692.5,3,lstm,extended
2018-07-19 01:00:00,29092.0,29704.4,32177.2,34650.0,3,lstm,extended
2018-07-19 02:00:00,27128.0,27783.1,30089.0,32394.9,3,lstm,extended
2018-07-19 03:00:00,25875.0,27731.3,29930.7,32130.0,3,lstm,extended
2018-07-19 04:00:00,25119.0,26324.5,28459.6,30594.7,3,lstm,extended
2018-07-19 05:00:00,25063.0,26538.3,28668.6,30799.0,3,lstm,extended
2018-07-19 06:00:00,26089.0,27037.8,29255.4,31472.9,3,lstm,extended
2018-07-19 07:00:00,27824.0,29643.9,32008.9,34374.0,3,lstm,extended
2018-07-19 08:00:00,30110.0,30816.2,33375.5,35934.9,3,lstm,extended
2018-07-19 09:00:00,31871.0,32153.6,34862.7,37571.7,3,lstm,extended
2018-07-19 10:00:00,33321.0,35318.6,38150.9,40983.1,3,lstm,extended
2018-07-19 11:00:00,34909.0,36264.9,39232.2,42199.5,3,lstm,extended
2018-07-19 12:00:00,36419.0,38154.8,41250.5,44346.1,3,lstm,extended
2018-07-19 13:00:00,37768.0,40190.2,43400.5,46610.8,3,lstm,extended
2018-07-19 14:00:00,39359.0,41371.0,44716.5,48062.0,3,lstm,extended
2018-07-19 15:00:00,40755.0,41231.2,44695.4,48159.5,3,lstm,extended
2018-07-19 16:00:00,42256.0,42562.2,46154.0,49745.8,3,lstm,extended
2018-07-19 17:00:00,43598.0,43078.4,46784.2,50490.0,3,lstm,extended
2018-07-19 18:00:00,44317.0,44039.6,47806.5,51573.5,3,lstm,extended
2018-07-19 19:00:00,43602.0,43172.3,46878.4,50584.6,3,lstm,extended
2018-07-19 20:00:00,41774.0,40669.0,44219.8,47770.6,3,lstm,extended
2018-07-19 21:00:00,39779.0,38348.9,41730.1,45111.3,3,lstm,extended
2018-07-19 22:00:00,38082.0,37971.6,41208.6,44445.5,3,lstm,extended
2018-07-19 23:00:00,34983.0,34197.7,37171.3,40144.8,3,lstm,extended
2018-07-20 00:00:00,31740.0,31082.9,33780.8,36478.7,3,lstm,extended
2018-07-20 01:00:00,29098.0,26428.1,29261.5,32232.5,4,xgboost,primary
2018-07-20 02:00:00,27369.0,25090.8,27529.3,30143.1,4,xgboost,primary
2018-07-20 03:00:00,26175.0,24100.7,26282.9,28754.7,4,xgboost,primary
2018-07-20 04:00:00,25451.0,23703.6,25136.4,27775.6,4,xgboost,primary
2018-07-20 05:00:00,25507.0,23638.5,24973.1,27703.0,4,xgboost,primary
2018-07-20 06:00:00,26442.0,24389.2,26491.6,28787.5,4,xgboost,primary
2018-07-20 07:00:00,28164.0,25664.1,27711.8,30833.9,4,xgboost,primary
2018-07-20 08:00:00,30736.0,27952.9,30490.4,33693.7,4,xgboost,primary
2018-07-20 09:00:00,33148.0,29109.0,32162.7,35087.1,4,xgboost,primary
2018-07-20 10:00:00,35273.0,30232.6,33437.8,36235.9,4,xgboost,primary
2018-07-20 11:00:00,37203.0,31356.5,34960.8,37973.1,4,xgboost,primary
2018-07-20 12:00:00,38779.0,32426.4,36139.4,39571.9,4,xgboost,primary
2018-07-20 13:00:00,39996.0,33021.0,37620.3,41169.0,4,xgboost,primary
2018-07-20 14:00:00,41134.0,34278.3,39171.4,42611.2,4,xgboost,primary
2018-07-20 15:00:00,42019.0,34943.7,40706.2,44250.9,4,xgboost,primary
2018-07-20 16:00:00,42758.0,35769.1,42730.8,45845.3,4,xgboost,primary
2018-07-20 17:00:00,43320.0,36344.7,43869.6,47572.5,4,xgboost,primary
2018-07-20 18:00:00,43254.0,37220.9,44547.8,48336.0,4,xgboost,primary
2018-07-20 19:00:00,41754.0,36150.4,42882.5,46754.7,4,xgboost,primary
2018-07-20 20:00:00,39593.0,35295.2,41532.6,45449.0,4,xgboost,primary
2018-07-20 21:00:00,37810.0,34539.2,39255.5,43326.7,4,xgboost,primary
2018-07-20 22:00:00,36564.0,33099.8,37608.7,41361.5,4,xgboost,primary
2018-07-20 23:00:00,34018.0,31271.2,34527.3,38260.0,4,xgboost,primary
2018-07-21 00:00:00,31204.0,27857.4,31145.0,33769.0,4,xgboost,primary
2018-07-20 01:00:00,29098.0,28675.2,29232.0,29788.8,4,chronos,primary
2018-07-20 02:00:00,27369.0,26726.4,27561.6,28118.4,4,chronos,primary
2018-07-20 03:00:00,26175.0,25334.4,26448.0,27283.2,4,chronos,primary
2018-07-20 04:00:00,25451.0,24777.6,25752.0,26726.4,4,chronos,primary
2018-07-20 05:00:00,25507.0,24749.8,25612.8,26726.4,4,chronos,primary
2018-07-20 06:00:00,26442.0,25334.4,26448.0,27589.5,4,chronos,primary
2018-07-20 07:00:00,28164.0,26726.4,28118.4,29538.3,4,chronos,primary
2018-07-20 08:00:00,30736.0,28396.8,30345.6,32043.9,4,chronos,primary
2018-07-20 09:00:00,33148.0,30345.6,32294.4,34521.6,4,chronos,primary
2018-07-20 10:00:00,35273.0,32294.4,34382.4,36748.8,4,chronos,primary
2018-07-20 11:00:00,37203.0,34243.2,36192.0,38976.0,4,chronos,primary
2018-07-20 12:00:00,38779.0,35635.2,38140.8,41203.2,4,chronos,primary
2018-07-20 13:00:00,39996.0,36748.8,39811.2,43152.1,4,chronos,primary
2018-07-20 14:00:00,41134.0,37584.0,41203.2,45100.9,4,chronos,primary
2018-07-20 15:00:00,42019.0,38948.2,42734.4,46771.3,4,chronos,primary
2018-07-20 16:00:00,42758.0,40061.8,44265.7,47884.9,4,chronos,primary
2018-07-20 17:00:00,43320.0,40869.2,45100.9,48720.1,4,chronos,primary
2018-07-20 18:00:00,43254.0,41648.7,45379.3,48998.5,4,chronos,primary
2018-07-20 19:00:00,41754.0,40562.9,44822.5,47884.9,4,chronos,primary
2018-07-20 20:00:00,39593.0,38892.5,42873.6,46242.3,4,chronos,primary
2018-07-20 21:00:00,37810.0,36748.8,40924.9,44544.1,4,chronos,primary
2018-07-20 22:00:00,36564.0,35858.0,39532.8,43152.1,4,chronos,primary
2018-07-20 23:00:00,34018.0,33101.8,36470.4,39811.2,4,chronos,primary
2018-07-21 00:00:00,31204.0,30067.2,33268.8,36470.4,4,chronos,primary
2018-07-20 01:00:00,29098.0,26639.3,29112.6,31585.9,4,lstm,primary
2018-07-20 02:00:00,27369.0,24961.0,27287.3,29613.7,4,lstm,primary
2018-07-20 03:00:00,26175.0,23663.7,25888.6,28113.5,4,lstm,primary
2018-07-20 04:00:00,25451.0,23689.9,25853.2,28016.6,4,lstm,primary
2018-07-20 05:00:00,25507.0,23757.7,25925.8,28093.9,4,lstm,primary
2018-07-20 06:00:00,26442.0,24443.8,26691.4,28938.9,4,lstm,primary
2018-07-20 07:00:00,28164.0,25646.8,28040.7,30434.6,4,lstm,primary
2018-07-20 08:00:00,30736.0,27375.0,29987.5,32600.1,4,lstm,primary
2018-07-20 09:00:00,33148.0,29157.3,31974.9,34792.4,4,lstm,primary
2018-07-20 10:00:00,35273.0,30908.3,33906.5,36904.7,4,lstm,primary
2018-07-20 11:00:00,37203.0,31511.5,34673.8,37836.0,4,lstm,primary
2018-07-20 12:00:00,38779.0,33647.8,36944.0,40240.2,4,lstm,primary
2018-07-20 13:00:00,39996.0,35294.9,38694.6,42094.3,4,lstm,primary
2018-07-20 14:00:00,41134.0,36948.2,40444.5,43940.9,4,lstm,primary
2018-07-20 15:00:00,42019.0,38765.3,42336.9,45908.5,4,lstm,primary
2018-07-20 16:00:00,42758.0,39835.3,43469.8,47104.2,4,lstm,primary
2018-07-20 17:00:00,43320.0,41604.0,45286.2,48968.4,4,lstm,primary
2018-07-20 18:00:00,43254.0,40814.4,44491.0,48167.6,4,lstm,primary
2018-07-20 19:00:00,41754.0,40666.3,44215.4,47764.4,4,lstm,primary
2018-07-20 20:00:00,39593.0,39267.8,42633.2,45998.6,4,lstm,primary
2018-07-20 21:00:00,37810.0,37478.0,40691.9,43905.7,4,lstm,primary
2018-07-20 22:00:00,36564.0,36332.6,39440.5,42548.5,4,lstm,primary
2018-07-20 23:00:00,34018.0,32465.7,35357.3,38248.8,4,lstm,primary
2018-07-21 00:00:00,31204.0,29029.5,31681.8,34334.2,4,lstm,primary
2018-07-20 01:00:00,29098.0,26428.1,29261.5,32232.5,4,xgboost,extended
2018-07-20 02:00:00,27369.0,25090.8,27529.3,30143.1,4,xgboost,extended
2018-07-20 03:00:00,26175.0,24100.7,26282.9,28754.7,4,xgboost,extended
2018-07-20 04:00:00,25451.0,23703.6,25136.4,27775.6,4,xgboost,extended
2018-07-20 05:00:00,25507.0,23638.5,24973.1,27703.0,4,xgboost,extended
2018-07-20 06:00:00,26442.0,24389.2,26491.6,28787.5,4,xgboost,extended
2018-07-20 07:00:00,28164.0,25664.1,27711.8,30833.9,4,xgboost,extended
2018-07-20 08:00:00,30736.0,27952.9,30490.4,33693.7,4,xgboost,extended
2018-07-20 09:00:00,33148.0,29109.0,32162.7,35087.1,4,xgboost,extended
2018-07-20 10:00:00,35273.0,30232.6,33437.8,36235.9,4,xgboost,extended
2018-07-20 11:00:00,37203.0,31356.5,34960.8,37973.1,4,xgboost,extended
2018-07-20 12:00:00,38779.0,32426.4,36139.4,39571.9,4,xgboost,extended
2018-07-20 13:00:00,39996.0,33021.0,37620.3,41169.0,4,xgboost,extended
2018-07-20 14:00:00,41134.0,34278.3,39171.4,42611.2,4,xgboost,extended
2018-07-20 15:00:00,42019.0,34943.7,40706.2,44250.9,4,xgboost,extended
2018-07-20 16:00:00,42758.0,35769.1,42730.8,45845.3,4,xgboost,extended
2018-07-20 17:00:00,43320.0,36344.7,43869.6,47572.5,4,xgboost,extended
2018-07-20 18:00:00,43254.0,37220.9,44547.8,48336.0,4,xgboost,extended
2018-07-20 19:00:00,41754.0,36150.4,42882.5,46754.7,4,xgboost,extended
2018-07-20 20:00:00,39593.0,35295.2,41532.6,45449.0,4,xgboost,extended
2018-07-20 21:00:00,37810.0,34539.2,39255.5,43326.7,4,xgboost,extended
2018-07-20 22:00:00,36564.0,33099.8,37608.7,41361.5,4,xgboost,extended
2018-07-20 23:00:00,34018.0,31271.2,34527.3,38260.0,4,xgboost,extended
2018-07-21 00:00:00,31204.0,27857.4,31145.0,33769.0,4,xgboost,extended
2018-07-21 01:00:00,28751.0,26114.3,29060.0,31281.1,4,xgboost,extended
2018-07-21 02:00:00,26963.0,24994.0,27525.8,29153.0,4,xgboost,extended
2018-07-21 03:00:00,25831.0,23952.3,26336.4,28229.9,4,xgboost,extended
2018-07-21 04:00:00,25041.0,23592.0,25457.8,27493.9,4,xgboost,extended
2018-07-21 05:00:00,24745.0,23316.0,25181.1,27328.1,4,xgboost,extended
2018-07-21 06:00:00,24910.0,23442.6,25752.5,27666.7,4,xgboost,extended
2018-07-21 07:00:00,25327.0,23872.2,26161.7,28346.1,4,xgboost,extended
2018-07-21 08:00:00,26759.0,24793.1,27393.8,29946.3,4,xgboost,extended
2018-07-21 09:00:00,28749.0,26606.3,29380.5,32190.0,4,xgboost,extended
2018-07-21 10:00:00,30453.0,28510.4,31945.8,34329.2,4,xgboost,extended
2018-07-21 11:00:00,31587.0,30052.9,33807.3,36624.5,4,xgboost,extended
2018-07-21 12:00:00,32231.0,31140.1,35432.8,39504.8,4,xgboost,extended
2018-07-21 13:00:00,32417.0,32191.6,36739.2,40471.1,4,xgboost,extended
2018-07-21 14:00:00,32255.0,32704.0,37865.5,42039.5,4,xgboost,extended
2018-07-21 15:00:00,31885.0,33238.4,38913.1,42508.0,4,xgboost,extended
2018-07-21 16:00:00,31466.0,33448.3,39648.6,43080.4,4,xgboost,extended
2018-07-21 17:00:00,31259.0,33861.0,40021.3,43381.8,4,xgboost,extended
2018-07-21 18:00:00,31147.0,34097.1,40346.4,43662.0,4,xgboost,extended
2018-07-21 19:00:00,30843.0,33496.5,39302.4,42948.4,4,xgboost,extended
2018-07-21 20:00:00,30498.0,32471.1,37327.1,41281.1,4,xgboost,extended
2018-07-21 21:00:00,30608.0,31631.5,36005.8,40282.5,4,xgboost,extended
2018-07-21 22:00:00,30115.0,30943.1,34998.4,38920.1,4,xgboost,extended
2018-07-21 23:00:00,28870.0,29311.8,33215.7,36549.8,4,xgboost,extended
2018-07-22 00:00:00,27413.0,27979.1,30870.9,33825.3,4,xgboost,extended
2018-07-22 01:00:00,26051.0,25576.1,28924.0,30983.0,4,xgboost,extended
2018-07-22 02:00:00,25053.0,24723.5,27300.1,29353.2,4,xgboost,extended
2018-07-22 03:00:00,24463.0,23756.3,26105.2,28127.3,4,xgboost,extended
2018-07-22 04:00:00,24053.0,23227.7,25233.4,27097.7,4,xgboost,extended
2018-07-22 05:00:00,23872.0,22749.4,24417.7,26749.9,4,xgboost,extended
2018-07-22 06:00:00,23972.0,22613.5,24468.0,26771.6,4,xgboost,extended
2018-07-22 07:00:00,24019.0,22981.2,24593.8,27162.9,4,xgboost,extended
2018-07-22 08:00:00,24967.0,23843.6,25979.1,28499.9,4,xgboost,extended
2018-07-22 09:00:00,26719.0,25046.1,27486.2,29916.8,4,xgboost,extended
2018-07-22 10:00:00,28581.0,26874.6,29485.4,32046.6,4,xgboost,extended
2018-07-22 11:00:00,30291.0,27723.7,30170.8,33533.4,4,xgboost,extended
2018-07-22 12:00:00,32147.0,28461.4,30422.1,34527.6,4,xgboost,extended
2018-07-22 13:00:00,34052.0,28609.8,30938.3,34746.1,4,xgboost,extended
2018-07-22 14:00:00,35498.0,28587.9,31355.7,35064.8,4,xgboost,extended
2018-07-22 15:00:00,36544.0,28422.1,31276.8,35143.9,4,xgboost,extended
2018-07-22 16:00:00,37274.0,28774.4,31415.5,35244.3,4,xgboost,extended
2018-07-22 17:00:00,38288.0,28805.0,31690.2,35368.0,4,xgboost,extended
2018-07-22 18:00:00,38878.0,29005.1,32002.7,35666.2,4,xgboost,extended
2018-07-22 19:00:00,38254.0,28845.7,32021.4,35725.6,4,xgboost,extended
2018-07-22 20:00:00,37374.0,28806.2,31647.2,35343.5,4,xgboost,extended
2018-07-22 21:00:00,36995.0,28948.8,31650.0,35166.0,4,xgboost,extended
2018-07-22 22:00:00,36331.0,28496.4,31104.6,34328.8,4,xgboost,extended
2018-07-22 23:00:00,34405.0,27338.5,30133.5,32740.6,4,xgboost,extended
2018-07-23 00:00:00,32150.0,25680.0,28769.5,31978.9,4,xgboost,extended
2018-07-23 01:00:00,30384.0,24559.5,27844.4,30255.5,4,xgboost,extended
2018-07-23 02:00:00,29139.0,23932.0,26719.2,28866.1,4,xgboost,extended
2018-07-23 03:00:00,28460.0,23573.0,25810.4,28193.4,4,xgboost,extended
2018-07-23 04:00:00,28259.0,23205.8,25578.9,27733.2,4,xgboost,extended
2018-07-23 05:00:00,28839.0,23190.5,26043.3,28081.8,4,xgboost,extended
2018-07-23 06:00:00,30603.0,24115.2,27426.9,29614.3,4,xgboost,extended
2018-07-23 07:00:00,32794.0,25072.9,29490.6,32204.0,4,xgboost,extended
2018-07-23 08:00:00,34989.0,27283.8,31663.2,34946.8,4,xgboost,extended
2018-07-23 09:00:00,36661.0,29396.2,33106.4,37101.1,4,xgboost,extended
2018-07-23 10:00:00,37947.0,30647.5,35043.9,38773.2,4,xgboost,extended
2018-07-23 11:00:00,39593.0,31059.1,36185.1,40465.9,4,xgboost,extended
2018-07-23 12:00:00,41007.0,32514.0,38972.5,42792.0,4,xgboost,extended
2018-07-23 13:00:00,42086.0,34191.7,42320.9,46418.3,4,xgboost,extended
2018-07-23 14:00:00,43182.0,34858.9,43777.9,48451.5,4,xgboost,extended
2018-07-23 15:00:00,44334.0,35548.8,44626.4,50163.9,4,xgboost,extended
2018-07-23 16:00:00,44848.0,35747.5,44291.3,49172.4,4,xgboost,extended
2018-07-23 17:00:00,45096.0,36413.0,44843.9,49380.3,4,xgboost,extended
2018-07-23 18:00:00,44891.0,36841.0,44740.5,49991.7,4,xgboost,extended
2018-07-23 19:00:00,43791.0,35860.8,43623.8,48324.0,4,xgboost,extended
2018-07-23 20:00:00,42433.0,35426.9,42023.3,47140.2,4,xgboost,extended
2018-07-23 21:00:00,41745.0,34981.6,41488.6,46249.4,4,xgboost,extended
2018-07-23 22:00:00,40395.0,34452.3,41043.8,45044.2,4,xgboost,extended
2018-07-23 23:00:00,37727.0,32964.6,38211.9,42607.6,4,xgboost,extended
2018-07-24 00:00:00,34904.0,29624.7,32844.8,37496.7,4,xgboost,extended
2018-07-24 01:00:00,32568.0,28031.5,31412.6,36216.2,4,xgboost,extended
2018-07-24 02:00:00,31053.0,26892.5,30307.3,34762.4,4,xgboost,extended
2018-07-24 03:00:00,30071.0,26447.6,29569.7,33591.4,4,xgboost,extended
2018-07-24 04:00:00,29625.0,26375.2,29529.6,33148.3,4,xgboost,extended
2018-07-24 05:00:00,29871.0,26512.4,29840.8,33517.4,4,xgboost,extended
2018-07-24 06:00:00,31344.0,27837.1,31354.5,34829.5,4,xgboost,extended
2018-07-24 07:00:00,33578.0,29616.2,32965.4,36737.9,4,xgboost,extended
2018-07-24 08:00:00,35887.0,31759.3,35807.9,39367.2,4,xgboost,extended
2018-07-24 09:00:00,37691.0,32932.1,37444.8,41526.4,4,xgboost,extended
2018-07-24 10:00:00,39246.0,33676.0,39004.1,42680.3,4,xgboost,extended
2018-07-24 11:00:00,40831.0,35652.3,40566.9,44579.4,4,xgboost,extended
2018-07-24 12:00:00,42108.0,36566.0,41832.8,46196.2,4,xgboost,extended
2018-07-24 13:00:00,43027.0,37061.9,42883.6,47499.6,4,xgboost,extended
2018-07-24 14:00:00,43988.0,37777.7,44194.3,48568.5,4,xgboost,extended
2018-07-24 15:00:00,44433.0,39138.3,45441.2,49866.7,4,xgboost,extended
2018-07-24 16:00:00,44776.0,39140.9,45797.6,49322.9,4,xgboost,extended
2018-07-24 17:00:00,44989.0,39314.0,45948.2,49692.0,4,xgboost,extended
2018-07-24 18:00:00,44709.0,38838.4,45400.9,48867.0,4,xgboost,extended
2018-07-24 19:00:00,43757.0,37655.7,43737.4,47918.6,4,xgboost,extended
2018-07-24 20:00:00,42440.0,36256.8,42071.2,46316.8,4,xgboost,extended
2018-07-24 21:00:00,41834.0,35806.8,41353.2,45856.6,4,xgboost,extended
2018-07-24 22:00:00,40559.0,35444.6,40190.9,44519.4,4,xgboost,extended
2018-07-24 23:00:00,37900.0,33562.8,37455.8,41745.6,4,xgboost,extended
2018-07-25 00:00:00,34974.0,31092.5,34745.6,38608.2,4,xgboost,extended
2018-07-25 01:00:00,32647.0,29323.4,32641.7,35796.8,4,xgboost,extended
2018-07-25 02:00:00,31093.0,28004.2,31340.3,34313.1,4,xgboost,extended
2018-07-25 03:00:00,30064.0,26973.6,30338.4,33067.2,4,xgboost,extended
2018-07-25 04:00:00,29434.0,26462.8,29753.2,32429.7,4,xgboost,extended
2018-07-25 05:00:00,29518.0,26760.5,29996.9,32328.6,4,xgboost,extended
2018-07-25 06:00:00,30800.0,27750.8,31202.3,33425.6,4,xgboost,extended
2018-07-25 07:00:00,32811.0,29189.4,32918.8,35412.3,4,xgboost,extended
2018-07-25 08:00:00,34745.0,31472.8,35452.8,38812.6,4,xgboost,extended
2018-07-25 09:00:00,36320.0,33010.5,37057.7,40315.4,4,xgboost,extended
2018-07-25 10:00:00,37783.0,34228.6,38672.9,41765.0,4,xgboost,extended
2018-07-25 11:00:00,39039.0,35091.4,40251.5,43624.4,4,xgboost,extended
2018-07-25 12:00:00,40271.0,36014.2,41611.6,45589.6,4,xgboost,extended
2018-07-25 13:00:00,41169.0,36512.5,42722.0,46428.4,4,xgboost,extended
2018-07-25 14:00:00,42225.0,37109.4,43441.9,46771.8,4,xgboost,extended
2018-07-25 15:00:00,42993.0,37741.8,43823.3,47761.2,4,xgboost,extended
2018-07-25 16:00:00,43279.0,37793.9,44313.7,47926.9,4,xgboost,extended
2018-07-25 17:00:00,43216.0,38018.7,44688.3,48469.3,4,xgboost,extended
2018-07-25 18:00:00,42707.0,37785.7,44236.9,47905.5,4,xgboost,extended
2018-07-25 19:00:00,41387.0,36934.1,43133.1,46555.1,4,xgboost,extended
2018-07-25 20:00:00,40182.0,35911.4,41748.3,45467.5,4,xgboost,extended
2018-07-25 21:00:00,39434.0,35680.8,41214.7,45030.7,4,xgboost,extended
2018-07-25 22:00:00,38033.0,35099.4,39912.6,43637.9,4,xgboost,extended
2018-07-25 23:00:00,35368.0,33130.9,37183.0,40724.1,4,xgboost,extended
2018-07-26 00:00:00,32551.0,30422.8,34067.2,37710.0,4,xgboost,extended
2018-07-26 01:00:00,30293.0,28656.1,32190.6,34946.8,4,xgboost,extended
2018-07-26 02:00:00,28810.0,27627.3,30947.0,33288.9,4,xgboost,extended
2018-07-26 03:00:00,27796.0,26419.9,30037.4,32007.5,4,xgboost,extended
2018-07-26 04:00:00,27402.0,25600.9,29523.2,31361.7,4,xgboost,extended
2018-07-26 05:00:00,27625.0,25673.1,29418.2,31344.5,4,xgboost,extended
2018-07-26 06:00:00,29005.0,26838.4,30313.0,32409.3,4,xgboost,extended
2018-07-26 07:00:00,31020.0,28115.8,31880.5,34559.6,4,xgboost,extended
2018-07-26 08:00:00,33358.0,29930.5,33707.1,37487.9,4,xgboost,extended
2018-07-26 09:00:00,35105.0,31409.2,35423.6,38755.4,4,xgboost,extended
2018-07-26 10:00:00,36666.0,32185.6,36680.9,39983.8,4,xgboost,extended
2018-07-26 11:00:00,38660.0,33708.3,37841.4,41057.2,4,xgboost,extended
2018-07-26 12:00:00,40547.0,34624.0,39340.3,42569.6,4,xgboost,extended
2018-07-26 13:00:00,42325.0,35087.7,40189.2,44343.8,4,xgboost,extended
2018-07-26 14:00:00,44214.0,35771.3,41654.2,45442.7,4,xgboost,extended
2018-07-26 15:00:00,45954.0,36130.8,42599.2,46134.1,4,xgboost,extended
2018-07-26 16:00:00,47369.0,36297.7,43059.0,46324.3,4,xgboost,extended
2018-07-26 17:00:00,48525.0,36188.3,43000.4,46295.3,4,xgboost,extended
2018-07-26 18:00:00,49029.0,36042.7,42580.3,46121.6,4,xgboost,extended
2018-07-26 19:00:00,48261.0,35050.8,40774.8,44555.9,4,xgboost,extended
2018-07-26 20:00:00,46337.0,34722.7,39480.9,42996.6,4,xgboost,extended
2018-07-26 21:00:00,44542.0,34172.3,38894.6,42451.6,4,xgboost,extended
2018-07-26 22:00:00,42638.0,32965.5,37638.1,40905.9,4,xgboost,extended
2018-07-26 23:00:00,39276.0,31107.4,34749.1,38312.1,4,xgboost,extended
2018-07-27 00:00:00,35742.0,28640.4,32087.9,34963.6,4,xgboost,extended
2018-07-20 01:00:00,29098.0,28675.2,29232.0,29788.8,4,chronos,extended
2018-07-20 02:00:00,27369.0,26977.0,27561.6,28118.4,4,chronos,extended
2018-07-20 03:00:00,26175.0,25612.8,26448.0,27032.7,4,chronos,extended
2018-07-20 04:00:00,25451.0,24777.6,25612.8,26726.4,4,chronos,extended
2018-07-20 05:00:00,25507.0,24749.8,25612.8,27032.7,4,chronos,extended
2018-07-20 06:00:00,26442.0,25334.4,26448.0,28396.8,4,chronos,extended
2018-07-20 07:00:00,28164.0,26698.6,28118.4,30345.6,4,chronos,extended
2018-07-20 08:00:00,30736.0,28647.4,30345.6,32572.8,4,chronos,extended
2018-07-20 09:00:00,33148.0,30345.6,32572.8,35078.4,4,chronos,extended
2018-07-20 10:00:00,35273.0,32294.4,34521.6,37305.6,4,chronos,extended
2018-07-20 11:00:00,37203.0,34243.2,36192.0,39560.7,4,chronos,extended
2018-07-20 12:00:00,38779.0,35356.8,37862.4,41760.1,4,chronos,extended
2018-07-20 13:00:00,39996.0,36748.8,39532.8,43430.4,4,chronos,extended
2018-07-20 14:00:00,41134.0,37862.4,41203.2,45128.7,4,chronos,extended
2018-07-20 15:00:00,42019.0,39226.6,42595.2,46771.3,4,chronos,extended
2018-07-20 16:00:00,42758.0,40340.2,43987.2,47884.9,4,chronos,extended
2018-07-20 17:00:00,43320.0,41203.2,45100.9,48469.5,4,chronos,extended
2018-07-20 18:00:00,43254.0,41453.8,45379.3,48998.5,4,chronos,extended
2018-07-20 19:00:00,41754.0,40368.1,44544.1,48163.3,4,chronos,extended
2018-07-20 20:00:00,39593.0,38697.6,42873.6,46214.5,4,chronos,extended
2018-07-20 21:00:00,37810.0,37027.2,40924.9,44015.1,4,chronos,extended
2018-07-20 22:00:00,36564.0,35885.8,39532.8,42595.2,4,chronos,extended
2018-07-20 23:00:00,34018.0,33101.8,36470.4,39254.4,4,chronos,extended
2018-07-21 00:00:00,31204.0,30317.8,33408.0,36192.0,4,chronos,extended
2018-07-21 01:00:00,28751.0,28090.6,30624.0,33408.0,4,chronos,extended
2018-07-21 02:00:00,26963.0,26169.6,28953.6,31459.2,4,chronos,extended
2018-07-21 03:00:00,25831.0,24749.8,27561.6,30345.6,4,chronos,extended
2018-07-21 04:00:00,25041.0,23914.6,26726.4,29259.9,4,chronos,extended
2018-07-21 05:00:00,24745.0,23357.8,26308.8,28953.6,4,chronos,extended
2018-07-21 06:00:00,24910.0,23107.2,26169.6,28953.6,4,chronos,extended
2018-07-21 07:00:00,25327.0,23664.0,27004.8,30095.1,4,chronos,extended
2018-07-21 08:00:00,26759.0,25028.2,28396.8,32572.8,4,chronos,extended
2018-07-21 09:00:00,28749.0,26949.2,30624.0,34800.0,4,chronos,extended
2018-07-21 10:00:00,30453.0,29148.5,33408.0,37333.5,4,chronos,extended
2018-07-21 11:00:00,31587.0,31375.7,35635.2,39839.1,4,chronos,extended
2018-07-21 12:00:00,32231.0,32795.6,37862.4,41787.9,4,chronos,extended
2018-07-21 13:00:00,32417.0,33964.8,39532.8,43736.7,4,chronos,extended
2018-07-21 14:00:00,32255.0,35329.0,41203.2,45936.1,4,chronos,extended
2018-07-21 15:00:00,31885.0,36693.2,42595.2,47328.1,4,chronos,extended
2018-07-21 16:00:00,31466.0,37834.6,44126.5,48469.5,4,chronos,extended
2018-07-21 17:00:00,31259.0,38948.2,45240.1,49555.3,4,chronos,extended
2018-07-21 18:00:00,31147.0,39783.4,45936.1,50112.1,4,chronos,extended
2018-07-21 19:00:00,30843.0,39532.8,45518.5,49583.1,4,chronos,extended
2018-07-21 20:00:00,30498.0,38419.2,43987.2,47690.0,4,chronos,extended
2018-07-21 21:00:00,30608.0,36748.8,42316.9,45963.9,4,chronos,extended
2018-07-21 22:00:00,30115.0,35635.2,40646.4,44293.5,4,chronos,extended
2018-07-21 23:00:00,28870.0,33380.2,37723.2,41481.6,4,chronos,extended
2018-07-22 00:00:00,27413.0,30624.0,34939.2,38140.8,4,chronos,extended
2018-07-22 01:00:00,26051.0,28118.4,32294.4,35635.2,4,chronos,extended
2018-07-22 02:00:00,25053.0,26169.6,30345.6,33964.8,4,chronos,extended
2018-07-22 03:00:00,24463.0,24722.0,28953.6,32322.3,4,chronos,extended
2018-07-22 04:00:00,24053.0,23858.9,27840.0,31208.7,4,chronos,extended
2018-07-22 05:00:00,23872.0,23274.3,27283.2,30651.9,4,chronos,extended
2018-07-22 06:00:00,23972.0,22244.2,27283.2,30651.9,4,chronos,extended
2018-07-22 07:00:00,24019.0,21993.6,27561.6,31180.8,4,chronos,extended
2018-07-22 08:00:00,24967.0,23664.0,28536.0,32322.3,4,chronos,extended
2018-07-22 09:00:00,26719.0,25612.8,30624.0,34549.5,4,chronos,extended
2018-07-22 10:00:00,28581.0,27812.2,32851.2,37611.9,4,chronos,extended
2018-07-22 11:00:00,30291.0,29761.0,35078.4,40674.3,4,chronos,extended
2018-07-22 12:00:00,32147.0,31180.8,37166.4,43430.4,4,chronos,extended
2018-07-22 13:00:00,34052.0,32851.2,38976.0,45685.5,4,chronos,extended
2018-07-22 14:00:00,35498.0,33964.8,40646.4,47634.3,4,chronos,extended
2018-07-22 15:00:00,36544.0,34800.0,42177.6,49054.1,4,chronos,extended
2018-07-22 16:00:00,37274.0,36164.2,43430.4,50418.3,4,chronos,extended
2018-07-22 17:00:00,38288.0,44380.7,44656.3,45207.6,4,chronos,extended
2018-07-22 18:00:00,38878.0,44932.0,45483.3,46310.2,4,chronos,extended
2018-07-22 19:00:00,38254.0,44380.7,45207.6,46310.2,4,chronos,extended
2018-07-22 20:00:00,37374.0,42726.7,43829.3,45235.2,4,chronos,extended
2018-07-22 21:00:00,36995.0,40797.1,42175.4,43829.3,4,chronos,extended
2018-07-22 22:00:00,36331.0,39143.2,40659.3,42451.1,4,chronos,extended
2018-07-22 23:00:00,34405.0,36386.6,37764.9,39418.8,4,chronos,extended
2018-07-23 00:00:00,32150.0,33354.4,34732.7,36662.3,4,chronos,extended
2018-07-23 01:00:00,30384.0,30873.5,32251.8,34181.4,4,chronos,extended
2018-07-23 02:00:00,29139.0,28943.9,30322.2,31976.1,4,chronos,extended
2018-07-23 03:00:00,28460.0,27841.3,29219.6,30873.5,4,chronos,extended
2018-07-23 04:00:00,28259.0,27262.4,28392.6,30046.5,4,chronos,extended
2018-07-23 05:00:00,28839.0,27262.4,28392.6,30322.2,4,chronos,extended
2018-07-23 06:00:00,30603.0,27841.3,29495.2,31452.4,4,chronos,extended
2018-07-23 07:00:00,32794.0,29495.2,31424.8,33933.3,4,chronos,extended
2018-07-23 08:00:00,34989.0,31700.5,34043.5,36662.3,4,chronos,extended
2018-07-23 09:00:00,36661.0,33905.7,36662.3,39418.8,4,chronos,extended
2018-07-23 10:00:00,37947.0,35835.3,39418.8,42451.1,4,chronos,extended
2018-07-23 11:00:00,39593.0,38040.6,42037.6,45235.2,4,chronos,extended
2018-07-23 12:00:00,41007.0,39970.2,44518.5,47991.7,4,chronos,extended
2018-07-23 13:00:00,42086.0,41872.2,46723.7,50720.7,4,chronos,extended
2018-07-23 14:00:00,43182.0,43278.0,48515.5,52677.9,4,chronos,extended
2018-07-23 15:00:00,44334.0,44932.0,49893.8,54056.2,4,chronos,extended
2018-07-23 16:00:00,44848.0,46310.2,51272.1,54855.6,4,chronos,extended
2018-07-23 17:00:00,45096.0,47137.2,51547.7,55434.5,4,chronos,extended
2018-07-23 18:00:00,44891.0,47385.3,51685.5,55682.6,4,chronos,extended
2018-07-23 19:00:00,43791.0,46310.2,50720.7,54855.6,4,chronos,extended
2018-07-23 20:00:00,42433.0,44656.3,48791.1,53201.6,4,chronos,extended
2018-07-23 21:00:00,41745.0,43002.4,46861.6,51299.6,4,chronos,extended
2018-07-23 22:00:00,40395.0,41348.4,45069.8,49618.1,4,chronos,extended
2018-07-23 23:00:00,37727.0,37764.9,41899.7,46034.6,4,chronos,extended
2018-07-24 00:00:00,34904.0,34732.7,38316.2,42175.4,4,chronos,extended
2018-07-24 01:00:00,32568.0,31700.5,35421.8,39446.4,4,chronos,extended
2018-07-24 02:00:00,31053.0,29770.9,33078.7,36965.5,4,chronos,extended
2018-07-24 03:00:00,30071.0,28640.7,31562.6,35559.7,4,chronos,extended
2018-07-24 04:00:00,29625.0,27841.3,30873.5,34732.7,4,chronos,extended
2018-07-24 05:00:00,29871.0,27841.3,30597.8,34208.9,4,chronos,extended
2018-07-24 06:00:00,31344.0,28668.2,31700.5,35284.0,4,chronos,extended
2018-07-24 07:00:00,33578.0,30597.8,33767.9,36937.9,4,chronos,extended
2018-07-24 08:00:00,35887.0,32775.5,36111.0,39418.8,4,chronos,extended
2018-07-24 09:00:00,37691.0,34980.8,38729.7,42451.1,4,chronos,extended
2018-07-24 10:00:00,39246.0,36937.9,41348.4,45207.6,4,chronos,extended
2018-07-24 11:00:00,40831.0,38867.5,43967.2,48239.8,4,chronos,extended
2018-07-24 12:00:00,42108.0,40521.5,46172.4,50720.7,4,chronos,extended
2018-07-24 13:00:00,43027.0,42175.4,47964.2,52402.2,4,chronos,extended
2018-07-24 14:00:00,43988.0,43801.8,49204.6,54028.6,4,chronos,extended
2018-07-24 15:00:00,44433.0,45180.1,50031.6,54855.6,4,chronos,extended
2018-07-24 16:00:00,44776.0,46255.1,50582.9,55406.9,4,chronos,extended
2018-07-24 17:00:00,44989.0,46282.7,50720.7,55434.5,4,chronos,extended
2018-07-24 18:00:00,44709.0,45758.9,50169.4,55158.8,4,chronos,extended
2018-07-24 19:00:00,43757.0,44656.3,48791.1,54304.3,4,chronos,extended
2018-07-24 20:00:00,42440.0,42726.7,46861.6,52650.3,4,chronos,extended
2018-07-24 21:00:00,41834.0,41072.8,44656.3,50472.7,4,chronos,extended
2018-07-24 22:00:00,40559.0,39418.8,43002.4,48543.1,4,chronos,extended
2018-07-24 23:00:00,37900.0,36634.7,39694.5,44683.9,4,chronos,extended
2018-07-25 00:00:00,34974.0,33354.4,36111.0,41072.8,4,chronos,extended
2018-07-25 01:00:00,32647.0,30597.8,33630.1,38343.8,4,chronos,extended
2018-07-25 02:00:00,31093.0,28668.2,31562.6,36138.5,4,chronos,extended
2018-07-25 03:00:00,30064.0,27565.6,30184.4,34457.0,4,chronos,extended
2018-07-25 04:00:00,29434.0,26738.7,29495.2,33382.0,4,chronos,extended
2018-07-25 05:00:00,29518.0,26738.7,29495.2,33106.3,4,chronos,extended
2018-07-25 06:00:00,30800.0,27290.0,30460.0,34208.9,4,chronos,extended
2018-07-25 07:00:00,32811.0,28916.3,32251.8,36138.5,4,chronos,extended
2018-07-25 08:00:00,34745.0,30873.5,34457.0,38867.5,4,chronos,extended
2018-07-25 09:00:00,36320.0,36260.5,36801.7,37342.9,4,chronos,extended
2018-07-25 10:00:00,37783.0,38425.3,39237.1,40048.9,4,chronos,extended
2018-07-25 11:00:00,39039.0,40048.9,41401.9,42754.9,4,chronos,extended
2018-07-25 12:00:00,40271.0,41672.5,43296.1,44919.7,4,chronos,extended
2018-07-25 13:00:00,41169.0,43025.5,45190.3,47084.5,4,chronos,extended
2018-07-25 14:00:00,42225.0,44107.9,46543.3,48708.1,4,chronos,extended
2018-07-25 15:00:00,42993.0,45163.2,47355.1,49790.5,4,chronos,extended
2018-07-25 16:00:00,43279.0,45731.5,48166.9,50872.9,4,chronos,extended
2018-07-25 17:00:00,43216.0,46002.1,48572.8,51143.5,4,chronos,extended
2018-07-25 18:00:00,42707.0,45190.3,48437.5,50900.0,4,chronos,extended
2018-07-25 19:00:00,41387.0,43837.3,47084.5,49817.6,4,chronos,extended
2018-07-25 20:00:00,40182.0,41943.1,44919.7,47896.3,4,chronos,extended
2018-07-25 21:00:00,39434.0,40048.9,43025.5,46002.1,4,chronos,extended
2018-07-25 22:00:00,38033.0,38154.7,40996.0,44107.9,4,chronos,extended
2018-07-25 23:00:00,35368.0,35178.1,37884.1,40860.7,4,chronos,extended
2018-07-26 00:00:00,32551.0,31930.9,34636.9,37613.5,4,chronos,extended
2018-07-26 01:00:00,30293.0,29495.5,32201.5,34636.9,4,chronos,extended
2018-07-26 02:00:00,28810.0,27871.9,30307.3,32499.1,4,chronos,extended
2018-07-26 03:00:00,27796.0,26518.9,29089.6,31119.1,4,chronos,extended
2018-07-26 04:00:00,27402.0,25977.7,28413.1,30307.3,4,chronos,extended
2018-07-26 05:00:00,27625.0,25977.7,28413.1,30307.3,4,chronos,extended
2018-07-26 06:00:00,29005.0,26789.5,29495.5,31389.7,4,chronos,extended
2018-07-26 07:00:00,31020.0,28413.1,31119.1,33040.3,4,chronos,extended
2018-07-26 08:00:00,33358.0,30577.9,33554.5,35719.3,4,chronos,extended
2018-07-26 09:00:00,35105.0,32201.5,35719.3,38154.7,4,chronos,extended
2018-07-26 10:00:00,36666.0,34068.6,37884.1,40590.1,4,chronos,extended
2018-07-26 11:00:00,38660.0,35448.7,39507.7,42754.9,4,chronos,extended
2018-07-26 12:00:00,40547.0,36801.7,41401.9,44405.6,4,chronos,extended
2018-07-26 13:00:00,42325.0,38425.3,42890.2,46272.7,4,chronos,extended
2018-07-26 14:00:00,44214.0,39507.7,44378.5,48166.9,4,chronos,extended
2018-07-26 15:00:00,45954.0,41131.3,45460.9,49249.3,4,chronos,extended
2018-07-26 16:00:00,47369.0,42484.3,46543.3,50358.8,4,chronos,extended
2018-07-26 17:00:00,48525.0,43269.0,46813.9,51414.1,4,chronos,extended
2018-07-26 18:00:00,49029.0,43296.1,46813.9,51414.1,4,chronos,extended
2018-07-26 19:00:00,48261.0,42186.6,45731.5,50331.7,4,chronos,extended
2018-07-26 20:00:00,46337.0,40319.5,43837.3,48464.6,4,chronos,extended
2018-07-26 21:00:00,44542.0,38966.5,41943.1,46299.8,4,chronos,extended
2018-07-26 22:00:00,42638.0,37072.3,40319.5,44649.1,4,chronos,extended
2018-07-26 23:00:00,39276.0,34366.3,37207.6,41401.9,4,chronos,extended
2018-07-27 00:00:00,35742.0,31389.7,34095.7,37911.1,4,chronos,extended
2018-07-20 01:00:00,29098.0,25995.5,28468.8,30942.1,4,lstm,extended
2018-07-20 02:00:00,27369.0,25317.4,27643.7,29970.1,4,lstm,extended
2018-07-20 03:00:00,26175.0,23750.6,25975.5,28200.3,4,lstm,extended
2018-07-20 04:00:00,25451.0,23823.5,25986.9,28150.2,4,lstm,extended
2018-07-20 05:00:00,25507.0,23105.8,25273.9,27442.0,4,lstm,extended
2018-07-20 06:00:00,26442.0,24138.3,26385.9,28633.4,4,lstm,extended
2018-07-20 07:00:00,28164.0,25983.2,28377.1,30771.1,4,lstm,extended
2018-07-20 08:00:00,30736.0,27915.7,30528.3,33140.8,4,lstm,extended
2018-07-20 09:00:00,33148.0,29546.7,32364.3,35181.9,4,lstm,extended
2018-07-20 10:00:00,35273.0,31497.2,34495.4,37493.6,4,lstm,extended
2018-07-20 11:00:00,37203.0,33154.5,36316.7,39479.0,4,lstm,extended
2018-07-20 12:00:00,38779.0,34249.1,37545.4,40841.6,4,lstm,extended
2018-07-20 13:00:00,39996.0,36296.2,39695.8,43095.5,4,lstm,extended
2018-07-20 14:00:00,41134.0,36220.4,39716.8,43213.2,4,lstm,extended
2018-07-20 15:00:00,42019.0,39754.6,43326.2,46897.8,4,lstm,extended
2018-07-20 16:00:00,42758.0,39410.7,43045.1,46679.6,4,lstm,extended
2018-07-20 17:00:00,43320.0,40348.4,44030.6,47712.8,4,lstm,extended
2018-07-20 18:00:00,43254.0,42506.2,46182.8,49859.4,4,lstm,extended
2018-07-20 19:00:00,41754.0,39242.0,42791.1,46340.1,4,lstm,extended
2018-07-20 20:00:00,39593.0,38545.2,41910.6,45276.0,4,lstm,extended
2018-07-20 21:00:00,37810.0,37065.0,40278.8,43492.7,4,lstm,extended
2018-07-20 22:00:00,36564.0,35762.8,38870.7,41978.7,4,lstm,extended
2018-07-20 23:00:00,34018.0,32659.7,35551.2,38442.7,4,lstm,extended
2018-07-21 00:00:00,31204.0,30127.1,32779.5,35431.8,4,lstm,extended
2018-07-21 01:00:00,28751.0,28334.2,30778.1,33221.9,4,lstm,extended
2018-07-21 02:00:00,26963.0,26138.0,28429.9,30721.8,4,lstm,extended
2018-07-21 03:00:00,25831.0,25284.3,27479.9,29675.5,4,lstm,extended
2018-07-21 04:00:00,25041.0,23810.4,25938.9,28067.3,4,lstm,extended
2018-07-21 05:00:00,24745.0,23327.9,25431.2,27534.5,4,lstm,extended
2018-07-21 06:00:00,24910.0,24304.8,26422.2,28539.5,4,lstm,extended
2018-07-21 07:00:00,25327.0,24409.5,26562.3,28715.1,4,lstm,extended
2018-07-21 08:00:00,26759.0,25629.5,27904.0,30178.5,4,lstm,extended
2018-07-21 09:00:00,28749.0,27947.3,30390.9,32834.6,4,lstm,extended
2018-07-21 10:00:00,30453.0,30089.6,32678.1,35266.6,4,lstm,extended
2018-07-21 11:00:00,31587.0,31306.5,33991.4,36676.3,4,lstm,extended
2018-07-21 12:00:00,32231.0,34994.8,37734.4,40474.1,4,lstm,extended
2018-07-21 13:00:00,32417.0,35581.5,38337.0,41092.4,4,lstm,extended
2018-07-21 14:00:00,32255.0,37115.1,39856.8,42598.5,4,lstm,extended
2018-07-21 15:00:00,31885.0,37917.7,40628.0,43338.2,4,lstm,extended
2018-07-21 16:00:00,31466.0,39925.9,42600.5,45275.1,4,lstm,extended
2018-07-21 17:00:00,31259.0,41030.5,43687.5,46344.5,4,lstm,extended
2018-07-21 18:00:00,31147.0,41061.6,43709.1,46356.6,4,lstm,extended
2018-07-21 19:00:00,30843.0,41180.1,43801.7,46423.4,4,lstm,extended
2018-07-21 20:00:00,30498.0,38984.8,41577.1,44169.5,4,lstm,extended
2018-07-21 21:00:00,30608.0,37480.1,40081.8,42683.5,4,lstm,extended
2018-07-21 22:00:00,30115.0,35344.9,37904.7,40464.5,4,lstm,extended
2018-07-21 23:00:00,28870.0,33479.6,35933.5,38387.5,4,lstm,extended
2018-07-22 00:00:00,27413.0,31189.9,33520.0,35850.1,4,lstm,extended
2018-07-22 01:00:00,26051.0,28734.4,30948.8,33163.1,4,lstm,extended
2018-07-22 02:00:00,25053.0,27295.8,29425.3,31554.8,4,lstm,extended
2018-07-22 03:00:00,24463.0,25229.7,27309.1,29388.4,4,lstm,extended
2018-07-22 04:00:00,24053.0,24706.6,26751.1,28795.6,4,lstm,extended
2018-07-22 05:00:00,23872.0,24479.1,26508.2,28537.3,4,lstm,extended
2018-07-22 06:00:00,23972.0,24298.4,26336.0,28373.6,4,lstm,extended
2018-07-22 07:00:00,24019.0,24656.5,26698.2,28739.8,4,lstm,extended
2018-07-22 08:00:00,24967.0,25091.1,27213.3,29335.5,4,lstm,extended
2018-07-22 09:00:00,26719.0,27156.3,29427.4,31698.5,4,lstm,extended
2018-07-22 10:00:00,28581.0,28635.7,31065.1,33494.4,4,lstm,extended
2018-07-22 11:00:00,30291.0,31048.0,33622.8,36197.5,4,lstm,extended
2018-07-22 12:00:00,32147.0,31701.4,34433.9,37166.4,4,lstm,extended
2018-07-22 13:00:00,34052.0,33506.8,36401.3,39295.7,4,lstm,extended
2018-07-22 14:00:00,35498.0,33189.4,36206.8,39224.1,4,lstm,extended
2018-07-22 15:00:00,36544.0,35781.7,38887.9,41994.2,4,lstm,extended
2018-07-22 16:00:00,37274.0,35103.3,38271.5,41439.8,4,lstm,extended
2018-07-22 17:00:00,38288.0,35478.9,38733.4,41987.9,4,lstm,extended
2018-07-22 18:00:00,38878.0,36373.2,39677.8,42982.4,4,lstm,extended
2018-07-22 19:00:00,38254.0,37505.2,40756.8,44008.4,4,lstm,extended
2018-07-22 20:00:00,37374.0,35247.2,38424.0,41600.8,4,lstm,extended
2018-07-22 21:00:00,36995.0,35392.1,38536.6,41681.2,4,lstm,extended
2018-07-22 22:00:00,36331.0,33820.0,36908.2,39996.3,4,lstm,extended
2018-07-22 23:00:00,34405.0,30997.4,33921.8,36846.2,4,lstm,extended
2018-07-23 00:00:00,32150.0,30069.5,32802.3,35535.0,4,lstm,extended
2018-07-23 01:00:00,30384.0,28979.6,31562.3,34144.9,4,lstm,extended
2018-07-23 02:00:00,29139.0,25665.3,28142.1,30619.0,4,lstm,extended
2018-07-23 03:00:00,28460.0,26357.0,28776.1,31195.2,4,lstm,extended
2018-07-23 04:00:00,28259.0,25427.6,27829.6,30231.6,4,lstm,extended
2018-07-23 05:00:00,28839.0,24868.6,27320.0,29771.3,4,lstm,extended
2018-07-23 06:00:00,30603.0,26287.0,28888.3,31489.5,4,lstm,extended
2018-07-23 07:00:00,32794.0,27578.5,30366.0,33153.5,4,lstm,extended
2018-07-23 08:00:00,34989.0,30210.2,33184.3,36158.3,4,lstm,extended
2018-07-23 09:00:00,36661.0,32173.6,35289.8,38406.0,4,lstm,extended
2018-07-23 10:00:00,37947.0,35244.8,38470.3,41695.8,4,lstm,extended
2018-07-23 11:00:00,39593.0,37293.9,40659.3,44024.7,4,lstm,extended
2018-07-23 12:00:00,41007.0,38246.7,41732.3,45217.9,4,lstm,extended
2018-07-23 13:00:00,42086.0,41319.2,44896.5,48473.8,4,lstm,extended
2018-07-23 14:00:00,43182.0,42571.8,46242.3,49912.8,4,lstm,extended
2018-07-23 15:00:00,44334.0,44574.1,48342.5,52110.9,4,lstm,extended
2018-07-23 16:00:00,44848.0,45068.2,48880.2,52692.3,4,lstm,extended
2018-07-23 17:00:00,45096.0,43565.7,47398.9,51232.1,4,lstm,extended
2018-07-23 18:00:00,44891.0,45328.1,49143.9,52959.6,4,lstm,extended
2018-07-23 19:00:00,43791.0,42731.3,46453.6,50175.8,4,lstm,extended
2018-07-23 20:00:00,42433.0,42683.6,46290.4,49897.2,4,lstm,extended
2018-07-23 21:00:00,41745.0,41829.6,45377.9,48926.2,4,lstm,extended
2018-07-23 22:00:00,40395.0,40769.6,44203.2,47636.8,4,lstm,extended
2018-07-23 23:00:00,37727.0,37754.3,40961.1,44167.9,4,lstm,extended
2018-07-24 00:00:00,34904.0,32999.1,35965.9,38932.8,4,lstm,extended
2018-07-24 01:00:00,32568.0,31004.2,33772.5,36540.7,4,lstm,extended
2018-07-24 02:00:00,31053.0,29001.0,31640.5,34280.0,4,lstm,extended
2018-07-24 03:00:00,30071.0,27441.3,29997.3,32553.4,4,lstm,extended
2018-07-24 04:00:00,29625.0,27726.0,30244.1,32762.2,4,lstm,extended
2018-07-24 05:00:00,29871.0,27258.9,29797.9,32337.0,4,lstm,extended
2018-07-24 06:00:00,31344.0,28051.9,30716.2,33380.4,4,lstm,extended
2018-07-24 07:00:00,33578.0,30505.7,33359.8,36214.0,4,lstm,extended
2018-07-24 08:00:00,35887.0,34036.7,37087.0,40137.4,4,lstm,extended
2018-07-24 09:00:00,37691.0,34053.0,37256.7,40460.5,4,lstm,extended
2018-07-24 10:00:00,39246.0,37812.8,41148.7,44484.6,4,lstm,extended
2018-07-24 11:00:00,40831.0,39265.5,42736.1,46206.8,4,lstm,extended
2018-07-24 12:00:00,42108.0,40466.3,44045.5,47624.7,4,lstm,extended
2018-07-24 13:00:00,43027.0,40792.9,44450.2,48107.5,4,lstm,extended
2018-07-24 14:00:00,43988.0,42826.7,46565.7,50304.7,4,lstm,extended
2018-07-24 15:00:00,44433.0,44309.1,48085.9,51862.7,4,lstm,extended
2018-07-24 16:00:00,44776.0,44723.4,48529.3,52335.3,4,lstm,extended
2018-07-24 17:00:00,44989.0,46096.2,49920.3,53744.3,4,lstm,extended
2018-07-24 18:00:00,44709.0,43524.1,47324.4,51124.6,4,lstm,extended
2018-07-24 19:00:00,43757.0,42368.7,46088.0,49807.4,4,lstm,extended
2018-07-24 20:00:00,42440.0,41895.8,45503.2,49110.6,4,lstm,extended
2018-07-24 21:00:00,41834.0,39675.3,43231.1,46787.0,4,lstm,extended
2018-07-24 22:00:00,40559.0,37832.9,41280.5,44728.0,4,lstm,extended
2018-07-24 23:00:00,37900.0,35593.5,38815.0,42036.5,4,lstm,extended
2018-07-25 00:00:00,34974.0,32812.3,35785.1,38757.8,4,lstm,extended
2018-07-25 01:00:00,32647.0,30705.3,33480.3,36255.3,4,lstm,extended
2018-07-25 02:00:00,31093.0,29047.4,31690.3,34333.2,4,lstm,extended
2018-07-25 03:00:00,30064.0,27560.2,30115.6,32671.1,4,lstm,extended
2018-07-25 04:00:00,29434.0,27462.5,29964.4,32466.3,4,lstm,extended
2018-07-25 05:00:00,29518.0,27403.4,29912.5,32421.5,4,lstm,extended
2018-07-25 06:00:00,30800.0,28109.3,30727.3,33345.3,4,lstm,extended
2018-07-25 07:00:00,32811.0,29937.4,32726.3,35515.3,4,lstm,extended
2018-07-25 08:00:00,34745.0,31598.6,34551.9,37505.2,4,lstm,extended
2018-07-25 09:00:00,36320.0,33955.4,37042.6,40129.8,4,lstm,extended
2018-07-25 10:00:00,37783.0,35723.5,38935.0,42146.6,4,lstm,extended
2018-07-25 11:00:00,39039.0,36902.1,40220.4,43538.7,4,lstm,extended
2018-07-25 12:00:00,40271.0,39164.1,42587.1,46010.2,4,lstm,extended
2018-07-25 13:00:00,41169.0,40611.2,44110.6,47609.9,4,lstm,extended
2018-07-25 14:00:00,42225.0,41976.0,45565.1,49154.2,4,lstm,extended
2018-07-25 15:00:00,42993.0,42758.0,46412.4,50066.8,4,lstm,extended
2018-07-25 16:00:00,43279.0,41868.0,45546.7,49225.4,4,lstm,extended
2018-07-25 17:00:00,43216.0,42857.9,46531.3,50204.6,4,lstm,extended
2018-07-25 18:00:00,42707.0,43388.5,47018.6,50648.7,4,lstm,extended
2018-07-25 19:00:00,41387.0,42064.4,45582.3,49100.2,4,lstm,extended
2018-07-25 20:00:00,40182.0,40238.9,43654.4,47069.8,4,lstm,extended
2018-07-25 21:00:00,39434.0,38561.3,41913.2,45265.0,4,lstm,extended
2018-07-25 22:00:00,38033.0,37057.9,40290.7,43523.5,4,lstm,extended
2018-07-25 23:00:00,35368.0,34332.2,37338.5,40344.8,4,lstm,extended
2018-07-26 00:00:00,32551.0,32505.1,35271.9,38038.7,4,lstm,extended
2018-07-26 01:00:00,30293.0,28999.4,31574.3,34149.2,4,lstm,extended
2018-07-26 02:00:00,28810.0,27843.7,30292.6,32741.4,4,lstm,extended
2018-07-26 03:00:00,27796.0,26923.8,29286.4,31649.1,4,lstm,extended
2018-07-26 04:00:00,27402.0,25900.6,28229.7,30558.9,4,lstm,extended
2018-07-26 05:00:00,27625.0,26287.7,28635.8,30983.9,4,lstm,extended
2018-07-26 06:00:00,29005.0,26855.5,29320.9,31786.3,4,lstm,extended
2018-07-26 07:00:00,31020.0,28483.3,31120.0,33756.7,4,lstm,extended
2018-07-26 08:00:00,33358.0,31060.8,33896.3,36731.7,4,lstm,extended
2018-07-26 09:00:00,35105.0,33370.0,36353.9,39337.9,4,lstm,extended
2018-07-26 10:00:00,36666.0,34629.9,37746.5,40863.1,4,lstm,extended
2018-07-26 11:00:00,38660.0,35424.6,38710.7,41996.8,4,lstm,extended
2018-07-26 12:00:00,40547.0,36541.5,39988.0,43434.5,4,lstm,extended
2018-07-26 13:00:00,42325.0,38945.4,42543.0,46140.6,4,lstm,extended
2018-07-26 14:00:00,44214.0,39617.6,43375.8,47134.0,4,lstm,extended
2018-07-26 15:00:00,45954.0,41034.3,44940.4,48846.5,4,lstm,extended
2018-07-26 16:00:00,47369.0,41436.8,45463.1,49489.5,4,lstm,extended
2018-07-26 17:00:00,48525.0,41377.7,45502.4,49627.0,4,lstm,extended
2018-07-26 18:00:00,49029.0,41126.2,45293.7,49461.2,4,lstm,extended
2018-07-26 19:00:00,48261.0,39602.8,43705.0,47807.2,4,lstm,extended
2018-07-26 20:00:00,46337.0,38121.2,42059.9,45998.5,4,lstm,extended
2018-07-26 21:00:00,44542.0,36859.3,40645.3,44431.4,4,lstm,extended
2018-07-26 22:00:00,42638.0,35988.2,39612.4,43236.6,4,lstm,extended
2018-07-26 23:00:00,39276.0,32951.9,36290.4,39628.8,4,lstm,extended
2018-07-27 00:00:00,35742.0,29929.3,32967.3,36005.4,4,lstm,extended
2018-07-27 01:00:00,32798.0,26936.9,30032.0,32564.4,5,xgboost,primary
2018-07-27 02:00:00,30772.0,25835.6,28583.1,30467.9,5,xgboost,primary
2018-07-27 03:00:00,29279.0,25053.1,27539.6,29463.9,5,xgboost,primary
2018-07-27 04:00:00,28422.0,24658.4,27178.1,28961.8,5,xgboost,primary
2018-07-27 05:00:00,28437.0,24790.4,27390.3,29223.3,5,xgboost,primary
2018-07-27 06:00:00,29535.0,25478.3,28588.7,30389.1,5,xgboost,primary
2018-07-27 07:00:00,31386.0,27327.2,30142.0,32538.2,5,xgboost,primary
2018-07-27 08:00:00,33962.0,29428.6,32771.3,35570.3,5,xgboost,primary
2018-07-27 09:00:00,36528.0,30824.0,34341.4,37594.7,5,xgboost,primary
2018-07-27 10:00:00,39094.0,32038.0,35598.7,39080.3,5,xgboost,primary
2018-07-27 11:00:00,41832.0,33269.5,38032.4,41184.6,5,xgboost,primary
2018-07-27 12:00:00,43895.0,34929.3,40122.5,43306.3,5,xgboost,primary
2018-07-27 13:00:00,45475.0,35773.7,42065.7,45312.9,5,xgboost,primary
2018-07-27 14:00:00,46850.0,37190.5,44056.7,47774.9,5,xgboost,primary
2018-07-27 15:00:00,47401.0,37707.3,45178.8,49697.7,5,xgboost,primary
2018-07-27 16:00:00,46988.0,38349.2,46238.2,51777.2,5,xgboost,primary
2018-07-27 17:00:00,46864.0,39495.4,47576.8,52097.7,5,xgboost,primary
2018-07-27 18:00:00,45572.0,40392.5,48797.6,52744.0,5,xgboost,primary
2018-07-27 19:00:00,42950.0,39701.2,47150.0,50577.2,5,xgboost,primary
2018-07-27 20:00:00,40883.0,38151.4,45421.5,49107.6,5,xgboost,primary
2018-07-27 21:00:00,39275.0,37149.5,43483.8,47056.1,5,xgboost,primary
2018-07-27 22:00:00,37618.0,35785.7,41521.7,45282.8,5,xgboost,primary
2018-07-27 23:00:00,35038.0,33579.5,37845.2,41761.3,5,xgboost,primary
2018-07-28 00:00:00,32468.0,29506.0,33753.2,37640.0,5,xgboost,primary
2018-07-27 01:00:00,32798.0,32727.3,33255.1,33783.0,5,chronos,primary
2018-07-27 02:00:00,30772.0,30879.8,31671.6,32199.4,5,chronos,primary
2018-07-27 03:00:00,29279.0,29560.1,30351.9,31407.6,5,chronos,primary
2018-07-27 04:00:00,28422.0,28768.3,29824.1,31143.7,5,chronos,primary
2018-07-27 05:00:00,28437.0,28768.3,30088.0,31935.5,5,chronos,primary
2018-07-27 06:00:00,29535.0,29797.7,31143.7,33255.1,5,chronos,primary
2018-07-27 07:00:00,31386.0,31407.6,33255.1,35129.0,5,chronos,primary
2018-07-27 08:00:00,33962.0,33255.1,35366.6,37266.9,5,chronos,primary
2018-07-27 09:00:00,36528.0,35366.6,37214.1,39351.9,5,chronos,primary
2018-07-27 10:00:00,39094.0,36950.2,39061.6,41173.0,5,chronos,primary
2018-07-27 11:00:00,41832.0,38533.7,40645.2,42783.0,5,chronos,primary
2018-07-27 12:00:00,43895.0,40090.9,42228.8,44868.1,5,chronos,primary
2018-07-27 13:00:00,45475.0,41146.6,43548.4,46187.7,5,chronos,primary
2018-07-27 14:00:00,46850.0,42492.7,44736.1,47507.3,5,chronos,primary
2018-07-27 15:00:00,47401.0,43284.5,45659.8,48589.5,5,chronos,primary
2018-07-27 16:00:00,46988.0,43812.3,46319.7,49354.9,5,chronos,primary
2018-07-27 17:00:00,46864.0,44313.8,46715.6,49909.1,5,chronos,primary
2018-07-27 18:00:00,45572.0,43548.4,46319.7,50146.6,5,chronos,primary
2018-07-27 19:00:00,42950.0,41938.4,45132.0,48853.4,5,chronos,primary
2018-07-27 20:00:00,40883.0,39853.4,43152.5,47005.9,5,chronos,primary
2018-07-27 21:00:00,39275.0,38533.7,41437.0,45132.0,5,chronos,primary
2018-07-27 22:00:00,37618.0,36950.2,39721.4,43284.5,5,chronos,primary
2018-07-27 23:00:00,35038.0,34046.9,36818.2,39853.4,5,chronos,primary
2018-07-28 00:00:00,32468.0,31143.7,33783.0,36448.7,5,chronos,primary
2018-07-27 01:00:00,32798.0,28901.1,31688.9,34476.7,5,lstm,primary
2018-07-27 02:00:00,30772.0,28234.6,30850.2,33465.8,5,lstm,primary
2018-07-27 03:00:00,29279.0,27065.4,29554.1,32042.8,5,lstm,primary
2018-07-27 04:00:00,28422.0,25952.4,28368.3,30784.1,5,lstm,primary
2018-07-27 05:00:00,28437.0,26341.3,28758.4,31175.6,5,lstm,primary
2018-07-27 06:00:00,29535.0,27510.9,30021.4,32531.8,5,lstm,primary
2018-07-27 07:00:00,31386.0,29982.4,32650.2,35318.0,5,lstm,primary
2018-07-27 08:00:00,33962.0,30681.3,33568.0,36454.8,5,lstm,primary
2018-07-27 09:00:00,36528.0,32355.5,35460.4,38565.3,5,lstm,primary
2018-07-27 10:00:00,39094.0,34495.7,37818.6,41141.6,5,lstm,primary
2018-07-27 11:00:00,41832.0,36407.8,39963.6,43519.3,5,lstm,primary
2018-07-27 12:00:00,43895.0,37409.6,41140.7,44871.8,5,lstm,primary
2018-07-27 13:00:00,45475.0,38550.1,42415.5,46280.9,5,lstm,primary
2018-07-27 14:00:00,46850.0,40508.2,44490.5,48472.7,5,lstm,primary
2018-07-27 15:00:00,47401.0,40724.5,44753.6,48782.7,5,lstm,primary
2018-07-27 16:00:00,46988.0,42974.4,46968.4,50962.4,5,lstm,primary
2018-07-27 17:00:00,46864.0,43341.8,47325.2,51308.7,5,lstm,primary
2018-07-27 18:00:00,45572.0,43010.1,46883.8,50757.4,5,lstm,primary
2018-07-27 19:00:00,42950.0,42116.8,45767.6,49418.3,5,lstm,primary
2018-07-27 20:00:00,40883.0,39600.6,43075.6,46550.7,5,lstm,primary
2018-07-27 21:00:00,39275.0,38746.9,42085.2,45423.6,5,lstm,primary
2018-07-27 22:00:00,37618.0,36594.1,39791.6,42989.2,5,lstm,primary
2018-07-27 23:00:00,35038.0,35186.4,38164.6,41142.9,5,lstm,primary
2018-07-28 00:00:00,32468.0,30555.5,33315.3,36075.1,5,lstm,primary
2018-07-27 01:00:00,32798.0,26936.9,30032.0,32564.4,5,xgboost,extended
2018-07-27 02:00:00,30772.0,25835.6,28583.1,30467.9,5,xgboost,extended
2018-07-27 03:00:00,29279.0,25053.1,27539.6,29463.9,5,xgboost,extended
2018-07-27 04:00:00,28422.0,24658.4,27178.1,28961.8,5,xgboost,extended
2018-07-27 05:00:00,28437.0,24790.4,27390.3,29223.3,5,xgboost,extended
2018-07-27 06:00:00,29535.0,25478.3,28588.7,30389.1,5,xgboost,extended
2018-07-27 07:00:00,31386.0,27327.2,30142.0,32538.2,5,xgboost,extended
2018-07-27 08:00:00,33962.0,29428.6,32771.3,35570.3,5,xgboost,extended
2018-07-27 09:00:00,36528.0,30824.0,34341.4,37594.7,5,xgboost,extended
2018-07-27 10:00:00,39094.0,32038.0,35598.7,39080.3,5,xgboost,extended
2018-07-27 11:00:00,41832.0,33269.5,38032.4,41184.6,5,xgboost,extended
2018-07-27 12:00:00,43895.0,34929.3,40122.5,43306.3,5,xgboost,extended
2018-07-27 13:00:00,45475.0,35773.7,42065.7,45312.9,5,xgboost,extended
2018-07-27 14:00:00,46850.0,37190.5,44056.7,47774.9,5,xgboost,extended
2018-07-27 15:00:00,47401.0,37707.3,45178.8,49697.7,5,xgboost,extended
2018-07-27 16:00:00,46988.0,38349.2,46238.2,51777.2,5,xgboost,extended
2018-07-27 17:00:00,46864.0,39495.4,47576.8,52097.7,5,xgboost,extended
2018-07-27 18:00:00,45572.0,40392.5,48797.6,52744.0,5,xgboost,extended
2018-07-27 19:00:00,42950.0,39701.2,47150.0,50577.2,5,xgboost,extended
2018-07-27 20:00:00,40883.0,38151.4,45421.5,49107.6,5,xgboost,extended
2018-07-27 21:00:00,39275.0,37149.5,43483.8,47056.1,5,xgboost,extended
2018-07-27 22:00:00,37618.0,35785.7,41521.7,45282.8,5,xgboost,extended
2018-07-27 23:00:00,35038.0,33579.5,37845.2,41761.3,5,xgboost,extended
2018-07-28 00:00:00,32468.0,29506.0,33753.2,37640.0,5,xgboost,extended
2018-07-28 01:00:00,30085.0,27872.8,31602.2,34368.1,5,xgboost,extended
2018-07-28 02:00:00,28324.0,26724.9,29929.6,31927.9,5,xgboost,extended
2018-07-28 03:00:00,27069.0,25095.4,29103.3,30597.2,5,xgboost,extended
2018-07-28 04:00:00,26276.0,24373.1,28034.8,29314.7,5,xgboost,extended
2018-07-28 05:00:00,25964.0,24240.3,27648.4,29007.9,5,xgboost,extended
2018-07-28 06:00:00,26178.0,24436.3,27553.7,29174.9,5,xgboost,extended
2018-07-28 07:00:00,26570.0,25080.6,28031.4,29877.0,5,xgboost,extended
2018-07-28 08:00:00,28155.0,25998.4,29515.0,31560.1,5,xgboost,extended
2018-07-28 09:00:00,30618.0,28762.5,31676.1,34766.3,5,xgboost,extended
2018-07-28 10:00:00,32944.0,30583.9,34652.5,38097.7,5,xgboost,extended
2018-07-28 11:00:00,34997.0,32448.4,37114.1,40972.4,5,xgboost,extended
2018-07-28 12:00:00,37024.0,33665.3,38605.5,42124.5,5,xgboost,extended
2018-07-28 13:00:00,38708.0,34450.2,40334.5,43569.1,5,xgboost,extended
2018-07-28 14:00:00,40057.0,34853.0,41038.8,44540.6,5,xgboost,extended
2018-07-28 15:00:00,41303.0,34780.5,41134.4,44962.5,5,xgboost,extended
2018-07-28 16:00:00,42088.0,34538.2,40811.8,44535.8,5,xgboost,extended
2018-07-28 17:00:00,42632.0,34532.0,40789.4,44644.2,5,xgboost,extended
2018-07-28 18:00:00,42835.0,34443.7,40033.4,44220.3,5,xgboost,extended
2018-07-28 19:00:00,42174.0,32835.7,38139.8,42175.0,5,xgboost,extended
2018-07-28 20:00:00,40498.0,32329.8,36711.5,40903.3,5,xgboost,extended
2018-07-28 21:00:00,38869.0,31688.1,35785.6,39670.6,5,xgboost,extended
2018-07-28 22:00:00,37375.0,31201.6,34904.6,38446.0,5,xgboost,extended
2018-07-28 23:00:00,34687.0,28931.1,33157.3,36012.9,5,xgboost,extended
2018-07-29 00:00:00,31940.0,27167.5,31300.8,34129.7,5,xgboost,extended
2018-07-29 01:00:00,29376.0,25818.6,29466.1,31635.1,5,xgboost,extended
2018-07-29 02:00:00,27473.0,24788.8,27730.7,29561.5,5,xgboost,extended
2018-07-29 03:00:00,26103.0,24057.5,26629.1,28473.8,5,xgboost,extended
2018-07-29 04:00:00,25090.0,23523.4,25861.1,27840.0,5,xgboost,extended
2018-07-29 05:00:00,24494.0,23133.7,25511.6,27334.1,5,xgboost,extended
2018-07-29 06:00:00,24255.0,23246.1,25527.5,27172.7,5,xgboost,extended
2018-07-29 07:00:00,24161.0,23471.8,25589.1,27179.2,5,xgboost,extended
2018-07-29 08:00:00,25175.0,24019.3,26435.2,28212.7,5,xgboost,extended
2018-07-29 09:00:00,27022.0,25770.2,28666.0,30746.6,5,xgboost,extended
2018-07-29 10:00:00,29021.0,27456.1,30901.6,33464.5,5,xgboost,extended
2018-07-29 11:00:00,30917.0,28748.9,32679.1,35915.7,5,xgboost,extended
2018-07-29 12:00:00,32581.0,29951.6,34609.0,38052.8,5,xgboost,extended
2018-07-29 13:00:00,34226.0,30900.4,36003.5,40142.4,5,xgboost,extended
2018-07-29 14:00:00,35770.0,32203.9,37528.9,41845.0,5,xgboost,extended
2018-07-29 15:00:00,37250.0,33199.7,38613.3,43522.5,5,xgboost,extended
2018-07-29 16:00:00,38637.0,34075.2,39725.7,44262.8,5,xgboost,extended
2018-07-29 17:00:00,39906.0,34497.1,40500.2,44807.3,5,xgboost,extended
2018-07-29 18:00:00,40709.0,34868.5,41194.8,45691.6,5,xgboost,extended
2018-07-29 19:00:00,40517.0,34993.5,41291.2,45025.4,5,xgboost,extended
2018-07-29 20:00:00,39089.0,34354.7,39594.0,43861.8,5,xgboost,extended
2018-07-29 21:00:00,37870.0,33462.5,38412.8,42179.8,5,xgboost,extended
2018-07-29 22:00:00,36581.0,32915.5,37318.0,40718.8,5,xgboost,extended
2018-07-29 23:00:00,33747.0,30990.2,34400.2,37971.7,5,xgboost,extended
2018-07-30 00:00:00,30789.0,29115.3,32278.6,35108.9,5,xgboost,extended
2018-07-30 01:00:00,28389.0,27081.8,29897.9,33292.1,5,xgboost,extended
2018-07-30 02:00:00,26779.0,25682.4,28307.9,30916.0,5,xgboost,extended
2018-07-30 03:00:00,25675.0,24725.6,27330.8,29259.2,5,xgboost,extended
2018-07-30 04:00:00,25200.0,24047.1,26582.5,28295.2,5,xgboost,extended
2018-07-30 05:00:00,25479.0,23649.9,26638.2,28685.5,5,xgboost,extended
2018-07-30 06:00:00,26824.0,24247.2,27801.6,30189.8,5,xgboost,extended
2018-07-30 07:00:00,28676.0,25243.7,30510.4,32828.7,5,xgboost,extended
2018-07-30 08:00:00,31050.0,27540.6,31772.3,34772.3,5,xgboost,extended
2018-07-30 09:00:00,33081.0,29518.4,33345.0,36575.7,5,xgboost,extended
2018-07-30 10:00:00,34779.0,30758.9,35188.4,38313.7,5,xgboost,extended
2018-07-30 11:00:00,36060.0,31774.3,35970.7,40270.1,5,xgboost,extended
2018-07-30 12:00:00,36747.0,33260.2,37577.0,41602.2,5,xgboost,extended
2018-07-30 13:00:00,37228.0,34454.2,39400.9,42882.5,5,xgboost,extended
2018-07-30 14:00:00,37671.0,34962.1,40085.7,44379.5,5,xgboost,extended
2018-07-30 15:00:00,37624.0,35766.7,41808.6,45608.2,5,xgboost,extended
2018-07-30 16:00:00,37615.0,36404.1,43149.0,46908.3,5,xgboost,extended
2018-07-30 17:00:00,37600.0,37679.1,44055.0,49076.2,5,xgboost,extended
2018-07-30 18:00:00,37564.0,37923.9,44712.7,49891.1,5,xgboost,extended
2018-07-30 19:00:00,36901.0,37132.8,43427.3,48612.1,5,xgboost,extended
2018-07-30 20:00:00,36166.0,36397.6,42303.2,45986.8,5,xgboost,extended
2018-07-30 21:00:00,35899.0,35541.4,41039.3,44803.1,5,xgboost,extended
2018-07-30 22:00:00,34879.0,34924.9,39707.5,42999.1,5,xgboost,extended
2018-07-30 23:00:00,32303.0,32612.7,36731.4,40482.3,5,xgboost,extended
2018-07-31 00:00:00,29701.0,28591.8,31526.0,35575.4,5,xgboost,extended
2018-07-31 01:00:00,27576.0,26598.1,29451.2,33463.5,5,xgboost,extended
2018-07-31 02:00:00,26192.0,25466.2,28229.9,31188.0,5,xgboost,extended
2018-07-31 03:00:00,25356.0,24496.0,27448.6,29649.3,5,xgboost,extended
2018-07-31 04:00:00,25050.0,24069.9,27147.0,29124.7,5,xgboost,extended
2018-07-31 05:00:00,25408.0,24166.2,27455.9,29760.7,5,xgboost,extended
2018-07-31 06:00:00,26863.0,25542.8,28934.7,31742.5,5,xgboost,extended
2018-07-31 07:00:00,28913.0,27307.0,30282.1,34294.6,5,xgboost,extended
2018-07-31 08:00:00,31217.0,29469.7,32066.0,36741.7,5,xgboost,extended
2018-07-31 09:00:00,33056.0,30840.2,33949.7,38074.6,5,xgboost,extended
2018-07-31 10:00:00,34799.0,31836.1,35549.6,39221.6,5,xgboost,extended
2018-07-31 11:00:00,36507.0,32828.5,37174.5,41092.4,5,xgboost,extended
2018-07-31 12:00:00,37977.0,33432.2,37565.4,41655.2,5,xgboost,extended
2018-07-31 13:00:00,39084.0,33664.5,38321.6,42186.4,5,xgboost,extended
2018-07-31 14:00:00,39928.0,33806.8,38631.8,42741.9,5,xgboost,extended
2018-07-31 15:00:00,40464.0,33816.7,38558.9,42626.9,5,xgboost,extended
2018-07-31 16:00:00,41003.0,33783.4,38486.2,42622.3,5,xgboost,extended
2018-07-31 17:00:00,41747.0,33691.2,38400.2,42598.0,5,xgboost,extended
2018-07-31 18:00:00,42011.0,33649.0,38348.4,42606.2,5,xgboost,extended
2018-07-31 19:00:00,41299.0,33220.5,37341.5,41914.5,5,xgboost,extended
2018-07-31 20:00:00,40289.0,32663.3,36846.6,41499.2,5,xgboost,extended
2018-07-31 21:00:00,39938.0,32501.6,36516.0,41325.0,5,xgboost,extended
2018-07-31 22:00:00,38610.0,31951.5,35402.2,39949.9,5,xgboost,extended
2018-07-31 23:00:00,35950.0,30205.3,32918.2,37237.7,5,xgboost,extended
2018-08-01 00:00:00,33072.0,27365.9,30256.3,33341.1,5,xgboost,extended
2018-08-01 01:00:00,30810.0,25916.2,28737.3,30725.3,5,xgboost,extended
2018-08-01 02:00:00,29409.0,24793.8,27263.3,28911.7,5,xgboost,extended
2018-08-01 03:00:00,28576.0,24067.8,26368.8,27994.6,5,xgboost,extended
2018-08-01 04:00:00,28249.0,23819.3,25913.3,27695.8,5,xgboost,extended
2018-08-01 05:00:00,28481.0,23968.1,26285.2,27893.2,5,xgboost,extended
2018-08-01 06:00:00,30035.0,25151.5,27743.1,29322.0,5,xgboost,extended
2018-08-01 07:00:00,32365.0,27141.4,29551.6,31770.6,5,xgboost,extended
2018-08-01 08:00:00,34741.0,29392.7,31689.4,34112.5,5,xgboost,extended
2018-08-01 09:00:00,36765.0,30651.4,33452.9,36015.6,5,xgboost,extended
2018-08-01 10:00:00,38572.0,31635.9,35216.9,38014.7,5,xgboost,extended
2018-08-01 11:00:00,40316.0,32926.3,37149.9,40078.2,5,xgboost,extended
2018-08-01 12:00:00,42403.0,33572.0,38813.0,42213.1,5,xgboost,extended
2018-08-01 13:00:00,43887.0,34619.4,40001.9,43055.6,5,xgboost,extended
2018-08-01 14:00:00,45313.0,35229.3,40242.8,43763.9,5,xgboost,extended
2018-08-01 15:00:00,46430.0,35464.1,40967.0,44535.6,5,xgboost,extended
2018-08-01 16:00:00,47867.0,35737.1,41158.3,45040.1,5,xgboost,extended
2018-08-01 17:00:00,48855.0,36062.2,42039.9,45962.4,5,xgboost,extended
2018-08-01 18:00:00,49308.0,36281.2,42545.2,46227.7,5,xgboost,extended
2018-08-01 19:00:00,48428.0,35581.9,41109.7,45353.5,5,xgboost,extended
2018-08-01 20:00:00,46912.0,35372.9,40336.8,44712.1,5,xgboost,extended
2018-08-01 21:00:00,45985.0,35193.7,39774.8,43839.1,5,xgboost,extended
2018-08-01 22:00:00,44094.0,33736.4,38355.3,42380.6,5,xgboost,extended
2018-08-01 23:00:00,40666.0,32016.4,35636.3,39421.4,5,xgboost,extended
2018-08-02 00:00:00,37158.0,29489.0,33015.1,36069.9,5,xgboost,extended
2018-08-02 01:00:00,34283.0,28142.6,31278.2,33922.0,5,xgboost,extended
2018-08-02 02:00:00,32094.0,26470.4,29846.6,32214.2,5,xgboost,extended
2018-08-02 03:00:00,30543.0,25977.1,29158.8,31373.8,5,xgboost,extended
2018-08-02 04:00:00,29791.0,25697.5,28922.7,31017.0,5,xgboost,extended
2018-08-02 05:00:00,29854.0,25686.3,29031.4,31080.7,5,xgboost,extended
2018-08-02 06:00:00,31197.0,26686.9,30272.7,32457.1,5,xgboost,extended
2018-08-02 07:00:00,33182.0,28563.4,32028.7,34760.8,5,xgboost,extended
2018-08-02 08:00:00,35645.0,30392.3,34378.1,37652.4,5,xgboost,extended
2018-08-02 09:00:00,37810.0,32295.8,36052.7,39517.0,5,xgboost,extended
2018-08-02 10:00:00,39902.0,33030.7,37821.1,41716.0,5,xgboost,extended
2018-08-02 11:00:00,42189.0,34517.5,39582.7,43706.2,5,xgboost,extended
2018-08-02 12:00:00,43954.0,35903.6,42130.8,45866.9,5,xgboost,extended
2018-08-02 13:00:00,45372.0,37078.8,43608.6,47674.0,5,xgboost,extended
2018-08-02 14:00:00,46534.0,38022.5,45312.4,49804.0,5,xgboost,extended
2018-08-02 15:00:00,47154.0,38780.5,46088.6,50902.7,5,xgboost,extended
2018-08-02 16:00:00,46989.0,40354.3,48487.6,52792.9,5,xgboost,extended
2018-08-02 17:00:00,46816.0,40915.6,49520.4,53397.2,5,xgboost,extended
2018-08-02 18:00:00,46760.0,41100.7,49930.8,53836.4,5,xgboost,extended
2018-08-02 19:00:00,45641.0,40104.3,47378.3,51867.1,5,xgboost,extended
2018-08-02 20:00:00,44057.0,38918.5,46162.1,50621.0,5,xgboost,extended
2018-08-02 21:00:00,43256.0,38481.4,45388.0,49626.9,5,xgboost,extended
2018-08-02 22:00:00,41552.0,37409.1,42999.8,47519.0,5,xgboost,extended
2018-08-02 23:00:00,38500.0,34522.6,39012.6,43664.1,5,xgboost,extended
2018-08-03 00:00:00,35486.0,31736.1,35740.7,39835.5,5,xgboost,extended
2018-07-27 01:00:00,32798.0,32727.3,33255.1,33783.0,5,chronos,extended
2018-07-27 02:00:00,30772.0,30879.8,31407.6,31961.9,5,chronos,extended
2018-07-27 03:00:00,29279.0,29560.1,30351.9,31143.7,5,chronos,extended
2018-07-27 04:00:00,28422.0,28768.3,29824.1,30879.8,5,chronos,extended
2018-07-27 05:00:00,28437.0,28768.3,29824.1,31407.6,5,chronos,extended
2018-07-27 06:00:00,29535.0,29560.1,31143.7,32753.7,5,chronos,extended
2018-07-27 07:00:00,31386.0,31143.7,32991.2,34865.1,5,chronos,extended
2018-07-27 08:00:00,33962.0,33519.1,35366.6,37240.5,5,chronos,extended
2018-07-27 09:00:00,36528.0,35366.6,37214.1,39325.5,5,chronos,extended
2018-07-27 10:00:00,39094.0,37214.1,39061.6,41437.0,5,chronos,extended
2018-07-27 11:00:00,41832.0,38797.7,40645.2,43284.5,5,chronos,extended
2018-07-27 12:00:00,43895.0,40354.9,42228.8,44868.1,5,chronos,extended
2018-07-27 13:00:00,45475.0,41437.0,43812.3,46451.6,5,chronos,extended
2018-07-27 14:00:00,46850.0,42228.8,44868.1,47797.7,5,chronos,extended
2018-07-27 15:00:00,47401.0,43284.5,46055.7,49090.9,5,chronos,extended
2018-07-27 16:00:00,46988.0,43785.9,46979.5,49882.7,5,chronos,extended
2018-07-27 17:00:00,46864.0,43548.4,47243.4,50410.6,5,chronos,extended
2018-07-27 18:00:00,45572.0,43020.5,46847.5,50674.5,5,chronos,extended
2018-07-27 19:00:00,42950.0,41964.8,45659.8,49645.2,5,chronos,extended
2018-07-27 20:00:00,40883.0,40354.9,43812.3,48299.1,5,chronos,extended
2018-07-27 21:00:00,39275.0,39035.2,42228.8,46478.0,5,chronos,extended
2018-07-27 22:00:00,37618.0,37187.7,40645.2,44366.6,5,chronos,extended
2018-07-27 23:00:00,35038.0,34310.9,37478.0,40935.5,5,chronos,extended
2018-07-28 00:00:00,32468.0,31407.6,34310.9,37741.9,5,chronos,extended
2018-07-28 01:00:00,30085.0,29296.2,31935.5,35366.6,5,chronos,extended
2018-07-28 02:00:00,28324.0,27448.7,30088.0,33255.1,5,chronos,extended
2018-07-28 03:00:00,27069.0,26129.0,28768.3,31698.0,5,chronos,extended
2018-07-28 04:00:00,26276.0,25310.9,27712.6,30879.8,5,chronos,extended
2018-07-28 05:00:00,25964.0,24809.4,27448.7,30088.0,5,chronos,extended
2018-07-28 06:00:00,26178.0,24809.4,27448.7,29824.1,5,chronos,extended
2018-07-28 07:00:00,26570.0,25337.3,27976.6,30378.3,5,chronos,extended
2018-07-28 08:00:00,28155.0,26656.9,29560.1,31724.3,5,chronos,extended
2018-07-28 09:00:00,30618.0,28504.4,31407.6,34073.3,5,chronos,extended
2018-07-28 10:00:00,32944.0,30351.9,33519.1,36686.2,5,chronos,extended
2018-07-28 11:00:00,34997.0,31671.6,35630.5,38797.7,5,chronos,extended
2018-07-28 12:00:00,37024.0,32991.2,37214.1,40407.6,5,chronos,extended
2018-07-28 13:00:00,38708.0,34284.5,38533.7,42228.8,5,chronos,extended
2018-07-28 14:00:00,40057.0,34574.8,39853.4,43548.4,5,chronos,extended
2018-07-28 15:00:00,41303.0,35340.2,40777.1,44366.6,5,chronos,extended
2018-07-28 16:00:00,42088.0,35868.0,41568.9,45659.8,5,chronos,extended
2018-07-28 17:00:00,42632.0,36132.0,42492.7,46187.7,5,chronos,extended
2018-07-28 18:00:00,42835.0,35894.4,42756.6,46741.9,5,chronos,extended
2018-07-28 19:00:00,42174.0,35340.2,42360.7,46478.0,5,chronos,extended
2018-07-28 20:00:00,40498.0,34231.7,41173.0,44894.4,5,chronos,extended
2018-07-28 21:00:00,38869.0,32727.3,40117.3,43548.4,5,chronos,extended
2018-07-28 22:00:00,37375.0,31935.5,39061.6,42228.8,5,chronos,extended
2018-07-28 23:00:00,34687.0,30351.9,36422.3,39853.4,5,chronos,extended
2018-07-29 00:00:00,31940.0,28504.4,33651.0,36976.5,5,chronos,extended
2018-07-29 01:00:00,29376.0,26894.4,31407.6,34601.2,5,chronos,extended
2018-07-29 02:00:00,27473.0,25337.3,29692.1,32753.7,5,chronos,extended
2018-07-29 03:00:00,26103.0,24281.5,28372.4,31407.6,5,chronos,extended
2018-07-29 04:00:00,25090.0,23489.7,27448.7,30114.4,5,chronos,extended
2018-07-29 05:00:00,24494.0,22961.9,26920.8,29586.5,5,chronos,extended
2018-07-29 06:00:00,24255.0,22935.5,26393.0,29296.2,5,chronos,extended
2018-07-29 07:00:00,24161.0,22961.9,26656.9,29296.2,5,chronos,extended
2018-07-29 08:00:00,25175.0,23753.7,27448.7,30378.3,5,chronos,extended
2018-07-29 09:00:00,27022.0,25337.3,29296.2,32252.2,5,chronos,extended
2018-07-29 10:00:00,29021.0,27158.4,31407.6,34838.7,5,chronos,extended
2018-07-29 11:00:00,30917.0,29032.3,33255.1,36950.2,5,chronos,extended
2018-07-29 12:00:00,32581.0,30615.8,35102.7,39061.6,5,chronos,extended
2018-07-29 13:00:00,34226.0,31935.5,36686.2,40988.3,5,chronos,extended
2018-07-29 14:00:00,35770.0,32991.2,38137.8,43020.5,5,chronos,extended
2018-07-29 15:00:00,37250.0,33783.0,39457.5,45132.0,5,chronos,extended
2018-07-29 16:00:00,38637.0,34812.3,40645.2,46214.1,5,chronos,extended
2018-07-29 17:00:00,39906.0,41139.7,41670.6,42201.4,5,chronos,extended
2018-07-29 18:00:00,40709.0,41405.1,42201.4,43263.1,5,chronos,extended
2018-07-29 19:00:00,40517.0,40608.9,41936.0,43263.1,5,chronos,extended
2018-07-29 20:00:00,39089.0,39547.2,40874.3,42493.4,5,chronos,extended
2018-07-29 21:00:00,37870.0,38751.0,40078.1,41670.6,5,chronos,extended
2018-07-29 22:00:00,36581.0,37689.3,39281.8,40874.3,5,chronos,extended
2018-07-29 23:00:00,33747.0,35274.0,36627.6,38485.6,5,chronos,extended
2018-07-30 00:00:00,30789.0,32646.4,33708.0,35857.9,5,chronos,extended
2018-07-30 01:00:00,28389.0,30257.6,31850.1,33708.0,5,chronos,extended
2018-07-30 02:00:00,26779.0,28930.5,30124.9,31876.7,5,chronos,extended
2018-07-30 03:00:00,25675.0,28134.3,29195.9,30815.0,5,chronos,extended
2018-07-30 04:00:00,25200.0,27603.4,28665.1,30257.6,5,chronos,extended
2018-07-30 05:00:00,25479.0,27868.9,29195.9,30523.0,5,chronos,extended
2018-07-30 06:00:00,26824.0,29169.4,30523.0,32115.5,5,chronos,extended
2018-07-30 07:00:00,28676.0,31053.9,32646.4,34238.9,5,chronos,extended
2018-07-30 08:00:00,31050.0,33177.2,35035.1,36627.6,5,chronos,extended
2018-07-30 09:00:00,33081.0,35035.1,37158.5,38751.0,5,chronos,extended
2018-07-30 10:00:00,34779.0,37158.5,39281.8,41139.7,5,chronos,extended
2018-07-30 11:00:00,36060.0,39016.4,41139.7,43528.5,5,chronos,extended
2018-07-30 12:00:00,36747.0,40343.5,42732.2,45147.5,5,chronos,extended
2018-07-30 13:00:00,37228.0,41909.4,44324.7,47509.8,5,chronos,extended
2018-07-30 14:00:00,37671.0,42732.2,45917.2,49128.8,5,chronos,extended
2018-07-30 15:00:00,37624.0,44298.2,47244.3,50455.9,5,chronos,extended
2018-07-30 16:00:00,37615.0,45359.9,48306.0,51756.4,5,chronos,extended
2018-07-30 17:00:00,37600.0,45625.3,48836.8,52552.7,5,chronos,extended
2018-07-30 18:00:00,37564.0,45121.0,48836.8,52552.7,5,chronos,extended
2018-07-30 19:00:00,36901.0,43767.4,47642.5,51517.6,5,chronos,extended
2018-07-30 20:00:00,36166.0,42413.7,45917.2,50163.9,5,chronos,extended
2018-07-30 21:00:00,35899.0,41113.2,44590.2,48571.4,5,chronos,extended
2018-07-30 22:00:00,34879.0,39812.6,42865.0,46501.2,5,chronos,extended
2018-07-30 23:00:00,32303.0,37158.5,39812.6,43263.1,5,chronos,extended
2018-07-31 00:00:00,29701.0,34238.9,36893.1,40078.1,5,chronos,extended
2018-07-31 01:00:00,27576.0,32089.0,34504.3,37423.9,5,chronos,extended
2018-07-31 02:00:00,26192.0,30257.6,32646.4,35566.0,5,chronos,extended
2018-07-31 03:00:00,25356.0,29195.9,31319.3,34265.4,5,chronos,extended
2018-07-31 04:00:00,25050.0,28665.1,30788.4,33469.2,5,chronos,extended
2018-07-31 05:00:00,25408.0,28930.5,30523.0,33708.0,5,chronos,extended
2018-07-31 06:00:00,26863.0,29992.2,31850.1,34769.7,5,chronos,extended
2018-07-31 07:00:00,28913.0,32115.5,33708.0,36627.6,5,chronos,extended
2018-07-31 08:00:00,31217.0,34238.9,36096.8,39281.8,5,chronos,extended
2018-07-31 09:00:00,33056.0,36335.7,38220.1,41670.6,5,chronos,extended
2018-07-31 10:00:00,34799.0,37954.7,40078.1,44324.7,5,chronos,extended
2018-07-31 11:00:00,36507.0,39281.8,42201.4,46740.0,5,chronos,extended
2018-07-31 12:00:00,37977.0,40608.9,43793.9,48598.0,5,chronos,extended
2018-07-31 13:00:00,39084.0,41405.1,45121.0,49951.6,5,chronos,extended
2018-07-31 14:00:00,39928.0,42440.3,46182.7,51517.6,5,chronos,extended
2018-07-31 15:00:00,40464.0,42997.7,46713.5,52579.2,5,chronos,extended
2018-07-31 16:00:00,41003.0,43263.1,46978.9,52818.1,5,chronos,extended
2018-07-31 17:00:00,41747.0,43263.1,46978.9,53083.5,5,chronos,extended
2018-07-31 18:00:00,42011.0,42732.2,46448.1,52313.8,5,chronos,extended
2018-07-31 19:00:00,41299.0,41644.0,44855.6,51225.6,5,chronos,extended
2018-07-31 20:00:00,40289.0,40343.5,43263.1,49128.8,5,chronos,extended
2018-07-31 21:00:00,39938.0,39281.8,42201.4,47801.7,5,chronos,extended
2018-07-31 22:00:00,38610.0,37954.7,40608.9,45917.2,5,chronos,extended
2018-07-31 23:00:00,35950.0,35300.5,37689.3,42466.8,5,chronos,extended
2018-08-01 00:00:00,33072.0,32646.4,34769.7,39016.4,5,chronos,extended
2018-08-01 01:00:00,30810.0,30523.0,32381.0,36362.2,5,chronos,extended
2018-08-01 02:00:00,29409.0,28930.5,30788.4,34530.8,5,chronos,extended
2018-08-01 03:00:00,28576.0,27868.9,29726.8,33177.2,5,chronos,extended
2018-08-01 04:00:00,28249.0,27338.0,29195.9,32646.4,5,chronos,extended
2018-08-01 05:00:00,28481.0,27338.0,29461.4,32699.4,5,chronos,extended
2018-08-01 06:00:00,30035.0,28107.7,30655.7,34238.9,5,chronos,extended
2018-08-01 07:00:00,32365.0,29461.4,32646.4,36096.8,5,chronos,extended
2018-08-01 08:00:00,34741.0,31319.3,34637.0,38485.6,5,chronos,extended
2018-08-01 09:00:00,36765.0,35917.9,36454.0,37258.1,5,chronos,extended
2018-08-01 10:00:00,38572.0,37258.1,38062.2,38866.4,5,chronos,extended
2018-08-01 11:00:00,40316.0,38598.3,39402.5,40206.6,5,chronos,extended
2018-08-01 12:00:00,42403.0,39670.5,40742.7,41814.8,5,chronos,extended
2018-08-01 13:00:00,43887.0,40474.6,41814.8,42913.8,5,chronos,extended
2018-08-01 14:00:00,45313.0,41252.0,42887.0,44227.2,5,chronos,extended
2018-08-01 15:00:00,46430.0,41546.8,43691.2,45299.4,5,chronos,extended
2018-08-01 16:00:00,47867.0,42056.1,44227.2,46130.4,5,chronos,extended
2018-08-01 17:00:00,48855.0,41814.8,44495.3,46639.6,5,chronos,extended
2018-08-01 18:00:00,49308.0,41010.7,43825.2,46371.6,5,chronos,extended
2018-08-01 19:00:00,48428.0,39670.5,42619.0,45031.4,5,chronos,extended
2018-08-01 20:00:00,46912.0,38571.5,41278.8,43423.1,5,chronos,extended
2018-08-01 21:00:00,45985.0,37794.2,40206.6,42377.7,5,chronos,extended
2018-08-01 22:00:00,44094.0,36185.9,38866.4,41010.7,5,chronos,extended
2018-08-01 23:00:00,40666.0,33773.5,35917.9,38062.2,5,chronos,extended
2018-08-02 00:00:00,37158.0,31334.3,33237.4,34872.5,5,chronos,extended
2018-08-02 01:00:00,34283.0,29216.8,31093.1,32701.4,5,chronos,extended
2018-08-02 02:00:00,32094.0,27849.8,29484.8,31093.1,5,chronos,extended
2018-08-02 03:00:00,30543.0,26804.4,28680.7,30020.9,5,chronos,extended
2018-08-02 04:00:00,29791.0,26509.5,28144.6,29484.8,5,chronos,extended
2018-08-02 05:00:00,29854.0,26536.3,28412.7,29752.9,5,chronos,extended
2018-08-02 06:00:00,31197.0,27876.6,29484.8,31093.1,5,chronos,extended
2018-08-02 07:00:00,33182.0,29484.8,31361.1,33237.4,5,chronos,extended
2018-08-02 08:00:00,35645.0,31361.1,33505.5,35381.8,5,chronos,extended
2018-08-02 09:00:00,37810.0,33237.4,35113.8,37258.1,5,chronos,extended
2018-08-02 10:00:00,39902.0,34845.7,36990.1,39134.4,5,chronos,extended
2018-08-02 11:00:00,42189.0,36159.1,38598.3,41010.7,5,chronos,extended
2018-08-02 12:00:00,43954.0,37231.3,40206.6,42619.0,5,chronos,extended
2018-08-02 13:00:00,45372.0,38812.8,41814.8,44227.2,5,chronos,extended
2018-08-02 14:00:00,46534.0,39670.5,43155.1,45835.5,5,chronos,extended
2018-08-02 15:00:00,47154.0,40983.9,44763.3,47202.5,5,chronos,extended
2018-08-02 16:00:00,46989.0,41814.8,45835.5,48515.9,5,chronos,extended
2018-08-02 17:00:00,46816.0,42592.2,46371.6,49320.1,5,chronos,extended
2018-08-02 18:00:00,46760.0,42082.9,46371.6,49320.1,5,chronos,extended
2018-08-02 19:00:00,45641.0,40983.9,45031.4,48274.7,5,chronos,extended
2018-08-02 20:00:00,44057.0,39402.5,43155.1,46639.6,5,chronos,extended
2018-08-02 21:00:00,43256.0,38571.5,42082.9,45031.4,5,chronos,extended
2018-08-02 22:00:00,41552.0,36990.1,40474.6,43423.1,5,chronos,extended
2018-08-02 23:00:00,38500.0,34309.6,37526.1,39938.5,5,chronos,extended
2018-08-03 00:00:00,35486.0,31361.1,34577.7,36722.0,5,chronos,extended
2018-07-27 01:00:00,32798.0,28287.0,31074.9,33862.7,5,lstm,extended
2018-07-27 02:00:00,30772.0,26391.7,29007.3,31623.0,5,lstm,extended
2018-07-27 03:00:00,29279.0,27082.7,29571.4,32060.1,5,lstm,extended
2018-07-27 04:00:00,28422.0,26384.7,28800.6,31216.4,5,lstm,extended
2018-07-27 05:00:00,28437.0,27486.8,29903.9,32321.0,5,lstm,extended
2018-07-27 06:00:00,29535.0,27943.0,30453.5,32963.9,5,lstm,extended
2018-07-27 07:00:00,31386.0,29045.7,31713.6,34381.4,5,lstm,extended
2018-07-27 08:00:00,33962.0,31341.6,34228.3,37115.1,5,lstm,extended
2018-07-27 09:00:00,36528.0,33419.0,36523.8,39628.7,5,lstm,extended
2018-07-27 10:00:00,39094.0,34065.2,37388.2,40711.2,5,lstm,extended
2018-07-27 11:00:00,41832.0,34543.1,38098.8,41654.5,5,lstm,extended
2018-07-27 12:00:00,43895.0,37772.2,41503.3,45234.3,5,lstm,extended
2018-07-27 13:00:00,45475.0,39717.8,43583.2,47448.5,5,lstm,extended
2018-07-27 14:00:00,46850.0,40369.4,44351.6,48333.9,5,lstm,extended
2018-07-27 15:00:00,47401.0,41156.1,45185.2,49214.3,5,lstm,extended
2018-07-27 16:00:00,46988.0,41496.5,45490.5,49484.5,5,lstm,extended
2018-07-27 17:00:00,46864.0,43583.3,47566.7,51550.2,5,lstm,extended
2018-07-27 18:00:00,45572.0,44489.0,48362.6,52236.2,5,lstm,extended
2018-07-27 19:00:00,42950.0,42820.6,46471.3,50122.1,5,lstm,extended
2018-07-27 20:00:00,40883.0,41138.3,44613.4,48088.4,5,lstm,extended
2018-07-27 21:00:00,39275.0,39216.6,42555.0,45893.4,5,lstm,extended
2018-07-27 22:00:00,37618.0,38171.7,41369.2,44566.7,5,lstm,extended
2018-07-27 23:00:00,35038.0,34856.6,37834.8,40813.1,5,lstm,extended
2018-07-28 00:00:00,32468.0,32060.2,34820.0,37579.8,5,lstm,extended
2018-07-28 01:00:00,30085.0,30395.9,32953.2,35510.4,5,lstm,extended
2018-07-28 02:00:00,28324.0,27475.0,29882.6,32290.1,5,lstm,extended
2018-07-28 03:00:00,27069.0,27202.3,29503.2,31804.0,5,lstm,extended
2018-07-28 04:00:00,26276.0,24755.7,26989.2,29222.7,5,lstm,extended
2018-07-28 05:00:00,25964.0,25513.2,27720.2,29927.1,5,lstm,extended
2018-07-28 06:00:00,26178.0,25308.5,27533.6,29758.8,5,lstm,extended
2018-07-28 07:00:00,26570.0,25617.1,27875.6,30134.0,5,lstm,extended
2018-07-28 08:00:00,28155.0,26554.0,28947.2,31340.4,5,lstm,extended
2018-07-28 09:00:00,30618.0,29306.8,31909.3,34511.8,5,lstm,extended
2018-07-28 10:00:00,32944.0,31143.5,33943.8,36744.0,5,lstm,extended
2018-07-28 11:00:00,34997.0,34254.5,37229.3,40204.0,5,lstm,extended
2018-07-28 12:00:00,37024.0,34998.5,38145.5,41292.6,5,lstm,extended
2018-07-28 13:00:00,38708.0,36425.0,39715.2,43005.4,5,lstm,extended
2018-07-28 14:00:00,40057.0,36764.6,40169.5,43574.3,5,lstm,extended
2018-07-28 15:00:00,41303.0,37173.1,40683.9,44194.7,5,lstm,extended
2018-07-28 16:00:00,42088.0,38039.0,41616.5,45193.9,5,lstm,extended
2018-07-28 17:00:00,42632.0,38759.5,42383.2,46006.9,5,lstm,extended
2018-07-28 18:00:00,42835.0,38554.7,42195.7,45836.7,5,lstm,extended
2018-07-28 19:00:00,42174.0,37002.8,40587.5,44172.3,5,lstm,extended
2018-07-28 20:00:00,40498.0,35875.1,39317.4,42759.7,5,lstm,extended
2018-07-28 21:00:00,38869.0,33575.4,36879.2,40183.1,5,lstm,extended
2018-07-28 22:00:00,37375.0,34249.1,37425.9,40602.8,5,lstm,extended
2018-07-28 23:00:00,34687.0,31668.1,34616.5,37564.9,5,lstm,extended
2018-07-29 00:00:00,31940.0,29919.4,32634.3,35349.2,5,lstm,extended
2018-07-29 01:00:00,29376.0,28921.2,31418.2,33915.1,5,lstm,extended
2018-07-29 02:00:00,27473.0,26917.1,29252.3,31587.5,5,lstm,extended
2018-07-29 03:00:00,26103.0,25820.7,28039.5,30258.2,5,lstm,extended
2018-07-29 04:00:00,25090.0,25151.3,27284.0,29416.6,5,lstm,extended
2018-07-29 05:00:00,24494.0,23884.2,25966.2,28048.2,5,lstm,extended
2018-07-29 06:00:00,24255.0,24464.5,26526.2,28587.8,5,lstm,extended
2018-07-29 07:00:00,24161.0,23932.5,25986.2,28039.9,5,lstm,extended
2018-07-29 08:00:00,25175.0,25179.1,27319.0,29458.9,5,lstm,extended
2018-07-29 09:00:00,27022.0,26617.7,28914.6,31211.5,5,lstm,extended
2018-07-29 10:00:00,29021.0,29175.2,31642.0,34108.8,5,lstm,extended
2018-07-29 11:00:00,30917.0,30160.6,32788.5,35416.5,5,lstm,extended
2018-07-29 12:00:00,32581.0,32601.7,35371.1,38140.4,5,lstm,extended
2018-07-29 13:00:00,34226.0,33741.0,36650.2,39559.4,5,lstm,extended
2018-07-29 14:00:00,35770.0,34874.0,37914.5,40954.9,5,lstm,extended
2018-07-29 15:00:00,37250.0,36019.6,39185.8,42352.1,5,lstm,extended
2018-07-29 16:00:00,38637.0,36886.2,40170.4,43454.5,5,lstm,extended
2018-07-29 17:00:00,39906.0,37723.0,41115.0,44507.0,5,lstm,extended
2018-07-29 18:00:00,40709.0,38690.6,42150.9,45611.2,5,lstm,extended
2018-07-29 19:00:00,40517.0,38422.2,41866.2,45310.1,5,lstm,extended
2018-07-29 20:00:00,39089.0,37249.0,40571.5,43894.1,5,lstm,extended
2018-07-29 21:00:00,37870.0,36873.5,40092.4,43311.4,5,lstm,extended
2018-07-29 22:00:00,36581.0,35203.8,38313.2,41422.6,5,lstm,extended
2018-07-29 23:00:00,33747.0,33118.9,35987.4,38855.9,5,lstm,extended
2018-07-30 00:00:00,30789.0,30123.0,32740.0,35357.1,5,lstm,extended
2018-07-30 01:00:00,28389.0,28626.4,31039.5,33452.5,5,lstm,extended
2018-07-30 02:00:00,26779.0,27354.1,29630.3,31906.5,5,lstm,extended
2018-07-30 03:00:00,25675.0,26059.2,28241.6,30423.9,5,lstm,extended
2018-07-30 04:00:00,25200.0,25806.8,27948.8,30090.8,5,lstm,extended
2018-07-30 05:00:00,25479.0,25624.0,27789.7,29955.4,5,lstm,extended
2018-07-30 06:00:00,26824.0,27447.7,29727.7,32007.8,5,lstm,extended
2018-07-30 07:00:00,28676.0,28328.7,30766.1,33203.6,5,lstm,extended
2018-07-30 08:00:00,31050.0,31640.5,34279.7,36919.0,5,lstm,extended
2018-07-30 09:00:00,33081.0,32364.8,35176.7,37988.6,5,lstm,extended
2018-07-30 10:00:00,34779.0,34908.2,37864.4,40820.6,5,lstm,extended
2018-07-30 11:00:00,36060.0,36622.4,39687.5,42752.6,5,lstm,extended
2018-07-30 12:00:00,36747.0,37812.9,40936.4,44059.8,5,lstm,extended
2018-07-30 13:00:00,37228.0,39917.8,43082.2,46246.6,5,lstm,extended
2018-07-30 14:00:00,37671.0,41072.8,44274.9,47476.9,5,lstm,extended
2018-07-30 15:00:00,37624.0,42052.4,45250.4,48448.5,5,lstm,extended
2018-07-30 16:00:00,37615.0,43298.1,46495.3,49692.6,5,lstm,extended
2018-07-30 17:00:00,37600.0,42541.5,45737.5,48933.5,5,lstm,extended
2018-07-30 18:00:00,37564.0,44594.2,47787.2,50980.1,5,lstm,extended
2018-07-30 19:00:00,36901.0,43455.8,46592.3,49728.9,5,lstm,extended
2018-07-30 20:00:00,36166.0,40671.2,43745.3,46819.4,5,lstm,extended
2018-07-30 21:00:00,35899.0,39868.2,42919.6,45971.0,5,lstm,extended
2018-07-30 22:00:00,34879.0,37278.5,40243.2,43207.9,5,lstm,extended
2018-07-30 23:00:00,32303.0,36481.5,39227.3,41973.0,5,lstm,extended
2018-07-31 00:00:00,29701.0,32380.7,34905.2,37429.8,5,lstm,extended
2018-07-31 01:00:00,27576.0,30005.5,32349.4,34693.4,5,lstm,extended
2018-07-31 02:00:00,26192.0,28580.9,30807.2,33033.5,5,lstm,extended
2018-07-31 03:00:00,25356.0,27277.5,29432.7,31588.0,5,lstm,extended
2018-07-31 04:00:00,25050.0,26693.5,28822.7,30952.0,5,lstm,extended
2018-07-31 05:00:00,25408.0,26702.2,28861.8,31021.5,5,lstm,extended
2018-07-31 06:00:00,26863.0,28535.4,30818.7,33102.1,5,lstm,extended
2018-07-31 07:00:00,28913.0,30404.7,32862.3,35319.9,5,lstm,extended
2018-07-31 08:00:00,31217.0,33078.7,35732.1,38385.5,5,lstm,extended
2018-07-31 09:00:00,33056.0,33552.3,36362.0,39171.8,5,lstm,extended
2018-07-31 10:00:00,34799.0,34780.4,37738.3,40696.2,5,lstm,extended
2018-07-31 11:00:00,36507.0,37146.7,40249.8,43352.9,5,lstm,extended
2018-07-31 12:00:00,37977.0,38087.2,41315.3,44543.3,5,lstm,extended
2018-07-31 13:00:00,39084.0,39276.7,42598.8,45921.0,5,lstm,extended
2018-07-31 14:00:00,39928.0,39444.7,42838.6,46232.5,5,lstm,extended
2018-07-31 15:00:00,40464.0,39458.7,42898.1,46337.5,5,lstm,extended
2018-07-31 16:00:00,41003.0,39307.9,42793.2,46278.5,5,lstm,extended
2018-07-31 17:00:00,41747.0,39828.5,43377.0,46925.5,5,lstm,extended
2018-07-31 18:00:00,42011.0,38903.7,42474.7,46045.6,5,lstm,extended
2018-07-31 19:00:00,41299.0,39814.2,43324.6,46835.0,5,lstm,extended
2018-07-31 20:00:00,40289.0,36022.5,39447.1,42871.6,5,lstm,extended
2018-07-31 21:00:00,39938.0,36542.5,39937.3,43332.0,5,lstm,extended
2018-07-31 22:00:00,38610.0,36922.7,40204.6,43486.4,5,lstm,extended
2018-07-31 23:00:00,35950.0,33050.2,36105.9,39161.7,5,lstm,extended
2018-08-01 00:00:00,33072.0,30323.2,33134.3,35945.4,5,lstm,extended
2018-08-01 01:00:00,30810.0,28062.0,30680.9,33299.7,5,lstm,extended
2018-08-01 02:00:00,29409.0,25930.3,28430.1,30929.9,5,lstm,extended
2018-08-01 03:00:00,28576.0,25710.4,28139.4,30568.3,5,lstm,extended
2018-08-01 04:00:00,28249.0,25265.9,27667.1,30068.3,5,lstm,extended
2018-08-01 05:00:00,28481.0,25440.5,27861.4,30282.3,5,lstm,extended
2018-08-01 06:00:00,30035.0,26542.0,29095.0,31647.9,5,lstm,extended
2018-08-01 07:00:00,32365.0,28312.3,31063.4,33814.4,5,lstm,extended
2018-08-01 08:00:00,34741.0,30448.5,33401.5,36354.5,5,lstm,extended
2018-08-01 09:00:00,36765.0,32235.7,35360.8,38485.8,5,lstm,extended
2018-08-01 10:00:00,38572.0,33935.5,37214.1,40492.7,5,lstm,extended
2018-08-01 11:00:00,40316.0,34636.3,38063.1,41490.0,5,lstm,extended
2018-08-01 12:00:00,42403.0,36363.0,39967.2,43571.5,5,lstm,extended
2018-08-01 13:00:00,43887.0,37290.0,41020.4,44750.8,5,lstm,extended
2018-08-01 14:00:00,45313.0,38029.6,41881.2,45732.8,5,lstm,extended
2018-08-01 15:00:00,46430.0,38544.5,42491.1,46437.6,5,lstm,extended
2018-08-01 16:00:00,47867.0,39134.4,43203.1,47271.8,5,lstm,extended
2018-08-01 17:00:00,48855.0,38331.1,42483.8,46636.5,5,lstm,extended
2018-08-01 18:00:00,49308.0,38606.3,42797.5,46988.6,5,lstm,extended
2018-08-01 19:00:00,48428.0,37926.5,42042.9,46159.3,5,lstm,extended
2018-08-01 20:00:00,46912.0,36232.9,40220.5,44208.0,5,lstm,extended
2018-08-01 21:00:00,45985.0,36384.8,40293.5,44202.2,5,lstm,extended
2018-08-01 22:00:00,44094.0,33917.6,37665.6,41413.6,5,lstm,extended
2018-08-01 23:00:00,40666.0,32981.9,36438.5,39895.1,5,lstm,extended
2018-08-02 00:00:00,37158.0,29795.9,32954.3,36112.7,5,lstm,extended
2018-08-02 01:00:00,34283.0,27715.8,30629.9,33544.0,5,lstm,extended
2018-08-02 02:00:00,32094.0,26938.6,29666.6,32394.6,5,lstm,extended
2018-08-02 03:00:00,30543.0,25600.1,28196.3,30792.5,5,lstm,extended
2018-08-02 04:00:00,29791.0,25848.2,28380.4,30912.7,5,lstm,extended
2018-08-02 05:00:00,29854.0,26849.9,29387.5,31925.0,5,lstm,extended
2018-08-02 06:00:00,31197.0,27555.7,30207.4,32859.2,5,lstm,extended
2018-08-02 07:00:00,33182.0,28433.8,31254.2,34074.7,5,lstm,extended
2018-08-02 08:00:00,35645.0,30868.9,33898.7,36928.6,5,lstm,extended
2018-08-02 09:00:00,37810.0,32186.1,35400.0,38613.8,5,lstm,extended
2018-08-02 10:00:00,39902.0,33582.1,36973.7,40365.4,5,lstm,extended
2018-08-02 11:00:00,42189.0,35447.9,39034.0,42620.0,5,lstm,extended
2018-08-02 12:00:00,43954.0,37398.9,41134.9,44871.0,5,lstm,extended
2018-08-02 13:00:00,45372.0,38623.4,42480.0,46336.7,5,lstm,extended
2018-08-02 14:00:00,46534.0,38522.0,42477.4,46432.8,5,lstm,extended
2018-08-02 15:00:00,47154.0,40214.5,44222.5,48230.6,5,lstm,extended
2018-08-02 16:00:00,46989.0,42870.6,46864.7,50858.7,5,lstm,extended
2018-08-02 17:00:00,46816.0,42563.6,46543.0,50522.4,5,lstm,extended
2018-08-02 18:00:00,46760.0,45163.1,49137.7,53112.3,5,lstm,extended
2018-08-02 19:00:00,45641.0,41300.3,45179.8,49059.3,5,lstm,extended
2018-08-02 20:00:00,44057.0,40501.5,44246.3,47991.2,5,lstm,extended
2018-08-02 21:00:00,43256.0,38286.1,41962.8,45639.6,5,lstm,extended
2018-08-02 22:00:00,41552.0,38926.2,42458.1,45990.1,5,lstm,extended
2018-08-02 23:00:00,38500.0,34882.6,38155.1,41427.6,5,lstm,extended
2018-08-03 00:00:00,35486.0,31720.0,34736.3,37752.6,5,lstm,extended
2018-06-29 01:00:00,31942.0,23008.3,26145.8,29283.3,1,sarimax,primary
2018-06-29 02:00:00,29691.0,22127.9,25145.3,28162.8,1,sarimax,primary
2018-06-29 03:00:00,28338.0,21688.3,24645.8,27603.3,1,sarimax,primary
2018-06-29 04:00:00,27376.0,21351.2,24262.7,27174.2,1,sarimax,primary
2018-06-29 05:00:00,27318.0,20746.9,23576.0,26405.2,1,sarimax,primary
2018-06-29 06:00:00,28185.0,21418.8,24339.5,27260.2,1,sarimax,primary
2018-06-29 07:00:00,30251.0,22530.8,25603.2,28675.5,1,sarimax,primary
2018-06-29 08:00:00,33322.0,24303.9,27618.1,30932.3,1,sarimax,primary
2018-06-29 09:00:00,36101.0,25986.0,29529.5,33073.0,1,sarimax,primary
2018-06-29 10:00:00,38540.0,28007.7,31827.0,35646.2,1,sarimax,primary
2018-06-29 11:00:00,40893.0,29423.6,33435.9,37448.2,1,sarimax,primary
2018-06-29 12:00:00,42865.0,31000.4,35227.7,39455.0,1,sarimax,primary
2018-06-29 13:00:00,44489.0,31872.1,36218.3,40564.5,1,sarimax,primary
2018-06-29 14:00:00,45791.0,32924.5,37414.2,41903.9,1,sarimax,primary
2018-06-29 15:00:00,46826.0,33521.6,38092.8,42663.9,1,sarimax,primary
2018-06-29 16:00:00,47825.0,34577.8,39292.9,44008.0,1,sarimax,primary
2018-06-29 17:00:00,48752.0,34962.9,39730.5,44498.2,1,sarimax,primary
2018-06-29 18:00:00,49105.0,34441.9,39138.5,43835.1,1,sarimax,primary
2018-06-29 19:00:00,48321.0,34327.8,39008.9,43690.0,1,sarimax,primary
2018-06-29 20:00:00,46534.0,32989.3,37487.9,41986.4,1,sarimax,primary
2018-06-29 21:00:00,44158.0,31838.9,36180.5,40522.2,1,sarimax,primary
2018-06-29 22:00:00,42343.0,30748.9,34941.9,39134.9,1,sarimax,primary
2018-06-29 23:00:00,39099.0,28699.2,32612.8,36526.3,1,sarimax,primary
2018-06-30 00:00:00,35639.0,26686.8,30325.9,33965.1,1,sarimax,primary
2018-06-29 01:00:00,31942.0,24418.3,27748.1,31077.9,1,sarimax,extended
2018-06-29 02:00:00,29691.0,23637.7,26861.1,30084.4,1,sarimax,extended
2018-06-29 03:00:00,28338.0,22406.3,25461.8,28517.2,1,sarimax,extended
2018-06-29 04:00:00,27376.0,21609.3,24556.1,27502.8,1,sarimax,extended
2018-06-29 05:00:00,27318.0,21832.3,24809.4,27786.6,1,sarimax,extended
2018-06-29 06:00:00,28185.0,22312.8,25355.5,28398.2,1,sarimax,extended
2018-06-29 07:00:00,30251.0,23229.8,26397.5,29565.3,1,sarimax,extended
2018-06-29 08:00:00,33322.0,25074.6,28493.9,31913.1,1,sarimax,extended
2018-06-29 09:00:00,36101.0,27051.7,30740.5,34429.4,1,sarimax,extended
2018-06-29 10:00:00,38540.0,28722.1,32638.8,36555.4,1,sarimax,extended
2018-06-29 11:00:00,40893.0,30621.7,34797.4,38973.1,1,sarimax,extended
2018-06-29 12:00:00,42865.0,31993.0,36355.7,40718.3,1,sarimax,extended
2018-06-29 13:00:00,44489.0,32885.4,37369.8,41854.2,1,sarimax,extended
2018-06-29 14:00:00,45791.0,34587.8,39304.4,44020.9,1,sarimax,extended
2018-06-29 15:00:00,46826.0,34750.0,39488.7,44227.3,1,sarimax,extended
2018-06-29 16:00:00,47825.0,35618.2,40475.2,45332.2,1,sarimax,extended
2018-06-29 17:00:00,48752.0,36493.7,41470.1,46446.5,1,sarimax,extended
2018-06-29 18:00:00,49105.0,36375.0,41335.2,46295.4,1,sarimax,extended
2018-06-29 19:00:00,48321.0,35641.6,40501.8,45362.0,1,sarimax,extended
2018-06-29 20:00:00,46534.0,33787.2,38394.5,43001.9,1,sarimax,extended
2018-06-29 21:00:00,44158.0,32952.4,37445.9,41939.4,1,sarimax,extended
2018-06-29 22:00:00,42343.0,32396.3,36814.0,41231.7,1,sarimax,extended
2018-06-29 23:00:00,39099.0,29479.6,33499.5,37519.4,1,sarimax,extended
2018-06-30 00:00:00,35639.0,27840.6,31637.1,35433.5,1,sarimax,extended
2018-06-30 01:00:00,32443.0,25703.5,29208.5,32713.5,1,sarimax,extended
2018-06-30 02:00:00,30093.0,24187.5,27485.8,30784.1,1,sarimax,extended
2018-06-30 03:00:00,28392.0,23168.3,26327.6,29486.9,1,sarimax,extended
2018-06-30 04:00:00,27226.0,21994.0,24993.2,27992.4,1,sarimax,extended
2018-06-30 05:00:00,26624.0,22600.3,25682.1,28764.0,1,sarimax,extended
2018-06-30 06:00:00,26411.0,22921.5,26047.2,29172.8,1,sarimax,extended
2018-06-30 07:00:00,27026.0,24277.8,27588.4,30899.1,1,sarimax,extended
2018-06-30 08:00:00,29393.0,25625.7,29120.1,32614.5,1,sarimax,extended
2018-06-30 09:00:00,32697.0,27855.5,31654.0,35452.5,1,sarimax,extended
2018-06-30 10:00:00,36256.0,28964.9,32914.6,36864.4,1,sarimax,extended
2018-06-30 11:00:00,39459.0,31501.7,35797.4,40093.1,1,sarimax,extended
2018-06-30 12:00:00,41902.0,33296.3,37836.7,42377.1,1,sarimax,extended
2018-06-30 13:00:00,43803.0,34352.8,39037.3,43721.8,1,sarimax,extended
2018-06-30 14:00:00,45293.0,34861.0,39614.8,44368.5,1,sarimax,extended
2018-06-30 15:00:00,46465.0,35451.0,40285.2,45119.4,1,sarimax,extended
2018-06-30 16:00:00,47711.0,36479.9,41454.4,46429.0,1,sarimax,extended
2018-06-30 17:00:00,48790.0,36771.8,41786.1,46800.5,1,sarimax,extended
2018-06-30 18:00:00,49341.0,37156.0,42222.7,47289.5,1,sarimax,extended
2018-06-30 19:00:00,49031.0,35934.0,40834.1,45734.2,1,sarimax,extended
2018-06-30 20:00:00,47522.0,35235.2,40040.1,44844.9,1,sarimax,extended
2018-06-30 21:00:00,45558.0,33722.1,38320.6,42919.0,1,sarimax,extended
2018-06-30 22:00:00,43940.0,32657.3,37110.5,41563.8,1,sarimax,extended
2018-06-30 23:00:00,40958.0,29861.9,33933.9,38006.0,1,sarimax,extended
2018-07-01 00:00:00,37751.0,27330.5,31057.3,34784.2,1,sarimax,extended
2018-07-01 01:00:00,34716.0,26132.3,29695.8,33259.3,1,sarimax,extended
2018-07-01 02:00:00,32345.0,24356.4,27677.7,30999.1,1,sarimax,extended
2018-07-01 03:00:00,30546.0,23126.5,26280.1,29433.7,1,sarimax,extended
2018-07-01 04:00:00,29300.0,22607.6,25690.4,28773.3,1,sarimax,extended
2018-07-01 05:00:00,28511.0,22811.8,25922.5,29033.2,1,sarimax,extended
2018-07-01 06:00:00,27992.0,22458.2,25520.7,28583.1,1,sarimax,extended
2018-07-01 07:00:00,28211.0,24451.2,27785.4,31119.7,1,sarimax,extended
2018-07-01 08:00:00,30337.0,25869.2,29396.9,32924.5,1,sarimax,extended
2018-07-01 09:00:00,33759.0,27808.5,31600.6,35392.6,1,sarimax,extended
2018-07-01 10:00:00,37516.0,29871.4,33944.7,38018.1,1,sarimax,extended
2018-07-01 11:00:00,41130.0,31189.3,35442.4,39695.5,1,sarimax,extended
2018-07-01 12:00:00,44099.0,32439.5,36863.1,41286.7,1,sarimax,extended
2018-07-01 13:00:00,46378.0,33790.2,38398.0,43005.8,1,sarimax,extended
2018-07-01 14:00:00,48208.0,34445.2,39142.3,43839.4,1,sarimax,extended
2018-07-01 15:00:00,49429.0,35310.7,40125.8,44940.9,1,sarimax,extended
2018-07-01 16:00:00,50466.0,35406.4,40234.6,45062.7,1,sarimax,extended
2018-07-01 17:00:00,51358.0,36274.9,41221.5,46168.1,1,sarimax,extended
2018-07-01 18:00:00,51803.0,36244.2,41186.6,46129.0,1,sarimax,extended
2018-07-01 19:00:00,51437.0,36042.6,40957.5,45872.4,1,sarimax,extended
2018-07-01 20:00:00,50120.0,34697.2,39428.6,44160.0,1,sarimax,extended
2018-07-01 21:00:00,48316.0,33288.5,37827.8,42367.2,1,sarimax,extended
2018-07-01 22:00:00,46807.0,31795.9,36131.7,40467.5,1,sarimax,extended
2018-07-01 23:00:00,43501.0,30236.0,34359.1,38482.2,1,sarimax,extended
2018-07-02 00:00:00,39909.0,26965.0,30642.0,34319.1,1,sarimax,extended
2018-07-02 01:00:00,36627.0,25206.9,28644.2,32081.5,1,sarimax,extended
2018-07-02 02:00:00,34288.0,23668.5,26896.0,30123.5,1,sarimax,extended
2018-07-02 03:00:00,32552.0,22253.8,25288.4,28323.0,1,sarimax,extended
2018-07-02 04:00:00,31450.0,21987.7,24986.1,27984.4,1,sarimax,extended
2018-07-02 05:00:00,31246.0,21631.2,24580.9,27530.6,1,sarimax,extended
2018-07-02 06:00:00,32035.0,22579.7,25658.8,28737.9,1,sarimax,extended
2018-07-02 07:00:00,34136.0,23523.7,26731.5,29939.2,1,sarimax,extended
2018-07-02 08:00:00,37526.0,25237.1,28678.6,32120.0,1,sarimax,extended
2018-07-02 09:00:00,40987.0,26747.0,30394.3,34041.6,1,sarimax,extended
2018-07-02 10:00:00,44377.0,28808.3,32736.7,36665.1,1,sarimax,extended
2018-07-02 11:00:00,47740.0,30440.8,34591.8,38742.9,1,sarimax,extended
2018-07-02 12:00:00,50475.0,31442.4,35730.0,40017.6,1,sarimax,extended
2018-07-02 13:00:00,52533.0,32208.6,36600.7,40992.8,1,sarimax,extended
2018-07-02 14:00:00,54170.0,32888.6,37373.4,41858.2,1,sarimax,extended
2018-07-02 15:00:00,55159.0,34130.8,38785.0,43439.2,1,sarimax,extended
2018-07-02 16:00:00,55836.0,34340.3,39023.0,43705.8,1,sarimax,extended
2018-07-02 17:00:00,56430.0,34750.7,39489.4,44228.2,1,sarimax,extended
2018-07-02 18:00:00,56609.0,34997.2,39769.5,44541.9,1,sarimax,extended
2018-07-02 19:00:00,56231.0,33842.2,38457.1,43071.9,1,sarimax,extended
2018-07-02 20:00:00,54644.0,33109.3,37624.2,42139.1,1,sarimax,extended
2018-07-02 21:00:00,52757.0,31763.7,36095.1,40426.5,1,sarimax,extended
2018-07-02 22:00:00,50685.0,30947.0,35167.1,39387.1,1,sarimax,extended
2018-07-02 23:00:00,46833.0,28739.3,32658.3,36577.3,1,sarimax,extended
2018-07-03 00:00:00,42919.0,26376.7,29973.5,33570.3,1,sarimax,extended
2018-07-03 01:00:00,39641.0,23882.7,27139.4,30396.1,1,sarimax,extended
2018-07-03 02:00:00,37091.0,22312.7,25355.4,28398.0,1,sarimax,extended
2018-07-03 03:00:00,35334.0,21785.5,24756.3,27727.0,1,sarimax,extended
2018-07-03 04:00:00,34189.0,21178.1,24066.1,26954.0,1,sarimax,extended
2018-07-03 05:00:00,33912.0,20748.0,23577.3,26406.6,1,sarimax,extended
2018-07-03 06:00:00,34734.0,20945.1,23801.3,26657.4,1,sarimax,extended
2018-07-03 07:00:00,36759.0,22658.8,25748.6,28838.4,1,sarimax,extended
2018-07-03 08:00:00,39728.0,23898.3,27157.2,30416.0,1,sarimax,extended
2018-07-03 09:00:00,42680.0,25409.6,28874.5,32339.4,1,sarimax,extended
2018-07-03 10:00:00,45766.0,27613.7,31379.2,35144.7,1,sarimax,extended
2018-07-03 11:00:00,48876.0,28848.8,32782.8,36716.7,1,sarimax,extended
2018-07-03 12:00:00,51603.0,30250.0,34374.9,38499.9,1,sarimax,extended
2018-07-03 13:00:00,53623.0,31303.0,35571.5,39840.1,1,sarimax,extended
2018-07-03 14:00:00,54852.0,32190.4,36580.0,40969.6,1,sarimax,extended
2018-07-03 15:00:00,54908.0,32493.2,36924.1,41355.0,1,sarimax,extended
2018-07-03 16:00:00,54908.0,33217.3,37747.0,42276.6,1,sarimax,extended
2018-07-03 17:00:00,54724.0,33195.1,37721.7,42248.3,1,sarimax,extended
2018-07-03 18:00:00,53679.0,33978.7,38612.2,43245.6,1,sarimax,extended
2018-07-03 19:00:00,51788.0,33029.8,37533.9,42038.0,1,sarimax,extended
2018-07-03 20:00:00,49244.0,32283.2,36685.5,41087.7,1,sarimax,extended
2018-07-03 21:00:00,47292.0,30746.2,34938.9,39131.6,1,sarimax,extended
2018-07-03 22:00:00,45506.0,29595.6,33631.3,37667.1,1,sarimax,extended
2018-07-03 23:00:00,42437.0,27406.6,31143.8,34881.1,1,sarimax,extended
2018-07-04 00:00:00,39340.0,24975.9,28381.7,31787.5,1,sarimax,extended
2018-07-04 01:00:00,36317.0,23377.5,26565.3,29753.2,1,sarimax,extended
2018-07-04 02:00:00,34060.0,21522.9,24457.8,27392.8,1,sarimax,extended
2018-07-04 03:00:00,32477.0,21102.6,23980.2,26857.8,1,sarimax,extended
2018-07-04 04:00:00,31306.0,20759.7,23590.6,26421.5,1,sarimax,extended
2018-07-04 05:00:00,30707.0,20641.7,23456.4,26271.2,1,sarimax,extended
2018-07-04 06:00:00,30668.0,21259.9,24159.0,27058.1,1,sarimax,extended
2018-07-04 07:00:00,31027.0,22207.2,25235.5,28263.7,1,sarimax,extended
2018-07-04 08:00:00,32565.0,23699.8,26931.5,30163.3,1,sarimax,extended
2018-07-04 09:00:00,35299.0,25122.9,28548.7,31974.6,1,sarimax,extended
2018-07-04 10:00:00,38405.0,26982.9,30662.4,34341.9,1,sarimax,extended
2018-07-04 11:00:00,41539.0,28268.4,32123.1,35977.9,1,sarimax,extended
2018-07-04 12:00:00,44266.0,29989.4,34078.9,38168.3,1,sarimax,extended
2018-07-04 13:00:00,46164.0,30789.1,34987.6,39186.1,1,sarimax,extended
2018-07-04 14:00:00,47275.0,31929.1,36283.0,40637.0,1,sarimax,extended
2018-07-04 15:00:00,47767.0,32537.3,36974.3,41411.2,1,sarimax,extended
2018-07-04 16:00:00,47897.0,32998.6,37498.4,41998.2,1,sarimax,extended
2018-07-04 17:00:00,47504.0,32875.0,37358.0,41840.9,1,sarimax,extended
2018-07-04 18:00:00,46611.0,33708.8,38305.5,42902.1,1,sarimax,extended
2018-07-04 19:00:00,44964.0,33006.8,37507.8,42008.7,1,sarimax,extended
2018-07-04 20:00:00,43361.0,31953.1,36310.4,40667.6,1,sarimax,extended
2018-07-04 21:00:00,42157.0,30611.2,34785.4,38959.7,1,sarimax,extended
2018-07-04 22:00:00,40860.0,29614.7,33653.1,37691.5,1,sarimax,extended
2018-07-04 23:00:00,39131.0,27581.7,31342.9,35104.0,1,sarimax,extended
2018-07-05 00:00:00,36699.0,25156.3,28586.7,32017.1,1,sarimax,extended
2018-07-05 01:00:00,34220.0,23755.3,26994.6,30234.0,1,sarimax,extended
2018-07-05 02:00:00,32368.0,22303.0,25344.4,28385.7,1,sarimax,extended
2018-07-05 03:00:00,31209.0,20733.5,23560.8,26388.1,1,sarimax,extended
2018-07-05 04:00:00,30749.0,20868.7,23714.5,26560.2,1,sarimax,extended
2018-07-05 05:00:00,30872.0,20972.4,23832.3,26692.1,1,sarimax,extended
2018-07-05 06:00:00,31845.0,21298.8,24203.2,27107.5,1,sarimax,extended
2018-07-05 07:00:00,33894.0,22625.4,25710.7,28796.0,1,sarimax,extended
2018-07-05 08:00:00,36956.0,24173.7,27470.1,30766.6,1,sarimax,extended
2018-07-05 09:00:00,39443.0,26172.2,29741.1,33310.0,1,sarimax,extended
2018-07-05 10:00:00,42013.0,28105.1,31937.6,35770.1,1,sarimax,extended
2018-07-05 11:00:00,44632.0,29352.7,33355.3,37358.0,1,sarimax,extended
2018-07-05 12:00:00,46809.0,30787.2,34985.5,39183.7,1,sarimax,extended
2018-07-05 13:00:00,48646.0,31558.4,35861.8,40165.2,1,sarimax,extended
2018-07-05 14:00:00,50094.0,32699.5,37158.6,41617.6,1,sarimax,extended
2018-07-05 15:00:00,50858.0,33644.8,38232.7,42820.6,1,sarimax,extended
2018-07-05 16:00:00,51351.0,33441.8,38002.1,42562.3,1,sarimax,extended
2018-07-05 17:00:00,52045.0,34823.4,39572.0,44320.7,1,sarimax,extended
2018-07-05 18:00:00,52503.0,34790.0,39534.1,44278.2,1,sarimax,extended
2018-07-05 19:00:00,51786.0,34233.4,38901.6,43569.8,1,sarimax,extended
2018-07-05 20:00:00,50066.0,33343.1,37889.9,42436.7,1,sarimax,extended
2018-07-05 21:00:00,48431.0,31944.1,36300.1,40656.1,1,sarimax,extended
2018-07-05 22:00:00,46736.0,31282.4,35548.2,39814.0,1,sarimax,extended
2018-07-05 23:00:00,43432.0,28693.8,32606.6,36519.4,1,sarimax,extended
2018-07-06 00:00:00,40087.0,26746.1,30393.3,34040.5,1,sarimax,extended
2018-07-06 01:00:00,37168.0,27829.2,31624.1,35419.0,2,sarimax,primary
2018-07-06 02:00:00,35164.0,25994.1,29538.8,33083.5,2,sarimax,primary
2018-07-06 03:00:00,33844.0,24894.1,28288.7,31683.4,2,sarimax,primary
2018-07-06 04:00:00,33133.0,24664.8,28028.2,31391.6,2,sarimax,primary
2018-07-06 05:00:00,33129.0,24887.3,28281.0,31674.7,2,sarimax,primary
2018-07-06 06:00:00,34020.0,25351.8,28808.9,32266.0,2,sarimax,primary
2018-07-06 07:00:00,35573.0,26232.1,29809.2,33386.3,2,sarimax,primary
2018-07-06 08:00:00,37575.0,28672.3,32582.2,36492.0,2,sarimax,primary
2018-07-06 09:00:00,39381.0,30555.1,34721.7,38888.3,2,sarimax,primary
2018-07-06 10:00:00,40621.0,32857.6,37338.1,41818.7,2,sarimax,primary
2018-07-06 11:00:00,41668.0,34698.9,39430.6,44162.2,2,sarimax,primary
2018-07-06 12:00:00,42539.0,36328.3,41282.1,46236.0,2,sarimax,primary
2018-07-06 13:00:00,42955.0,37727.6,42872.3,48017.0,2,sarimax,primary
2018-07-06 14:00:00,43241.0,39005.9,44324.9,49643.9,2,sarimax,primary
2018-07-06 15:00:00,43594.0,39595.5,44994.9,50394.3,2,sarimax,primary
2018-07-06 16:00:00,43843.0,40752.6,46309.8,51867.0,2,sarimax,primary
2018-07-06 17:00:00,43890.0,41180.9,46796.5,52412.1,2,sarimax,primary
2018-07-06 18:00:00,43651.0,40949.1,46533.1,52117.0,2,sarimax,primary
2018-07-06 19:00:00,42606.0,40551.0,46080.7,51610.3,2,sarimax,primary
2018-07-06 20:00:00,40731.0,38975.2,44290.0,49604.8,2,sarimax,primary
2018-07-06 21:00:00,38882.0,37741.7,42888.3,48034.9,2,sarimax,primary
2018-07-06 22:00:00,37544.0,36636.0,41631.8,46627.6,2,sarimax,primary
2018-07-06 23:00:00,34647.0,33757.7,38361.0,42964.4,2,sarimax,primary
2018-07-07 00:00:00,31602.0,31218.2,35475.3,39732.3,2,sarimax,primary
2018-07-06 01:00:00,37168.0,29248.6,33237.0,37225.5,2,sarimax,extended
2018-07-06 02:00:00,35164.0,27369.9,31102.1,34834.4,2,sarimax,extended
2018-07-06 03:00:00,33844.0,26156.4,29723.2,33289.9,2,sarimax,extended
2018-07-06 04:00:00,33133.0,25061.8,28479.3,31896.8,2,sarimax,extended
2018-07-06 05:00:00,33129.0,25059.9,28477.2,31894.5,2,sarimax,extended
2018-07-06 06:00:00,34020.0,25642.2,29138.8,32635.5,2,sarimax,extended
2018-07-06 07:00:00,35573.0,27355.8,31086.2,34816.5,2,sarimax,extended
2018-07-06 08:00:00,37575.0,30174.0,34288.6,38403.3,2,sarimax,extended
2018-07-06 09:00:00,39381.0,32430.7,36853.1,41275.5,2,sarimax,extended
2018-07-06 10:00:00,40621.0,33952.5,38582.4,43212.3,2,sarimax,extended
2018-07-06 11:00:00,41668.0,36046.6,40962.0,45877.5,2,sarimax,extended
2018-07-06 12:00:00,42539.0,37402.1,42502.4,47602.7,2,sarimax,extended
2018-07-06 13:00:00,42955.0,39517.3,44906.1,50294.8,2,sarimax,extended
2018-07-06 14:00:00,43241.0,40224.8,45710.0,51195.2,2,sarimax,extended
2018-07-06 15:00:00,43594.0,40762.9,46321.5,51880.0,2,sarimax,extended
2018-07-06 16:00:00,43843.0,41715.2,47403.6,53092.0,2,sarimax,extended
2018-07-06 17:00:00,43890.0,42140.2,47886.6,53633.0,2,sarimax,extended
2018-07-06 18:00:00,43651.0,42607.1,48417.2,54227.2,2,sarimax,extended
2018-07-06 19:00:00,42606.0,42003.9,47731.7,53459.5,2,sarimax,extended
2018-07-06 20:00:00,40731.0,40450.3,45966.2,51482.2,2,sarimax,extended
2018-07-06 21:00:00,38882.0,39489.5,44874.4,50259.3,2,sarimax,extended
2018-07-06 22:00:00,37544.0,37977.4,43156.2,48334.9,2,sarimax,extended
2018-07-06 23:00:00,34647.0,34525.2,39233.2,43941.1,2,sarimax,extended
2018-07-07 00:00:00,31602.0,32463.8,36890.7,41317.6,2,sarimax,extended
2018-07-07 01:00:00,28643.0,30414.1,34561.5,38708.9,2,sarimax,extended
2018-07-07 02:00:00,26556.0,27910.1,31716.0,35522.0,2,sarimax,extended
2018-07-07 03:00:00,25035.0,27160.6,30864.3,34568.0,2,sarimax,extended
2018-07-07 04:00:00,24081.0,26889.7,30556.5,34223.3,2,sarimax,extended
2018-07-07 05:00:00,23519.0,26196.3,29768.6,33340.8,2,sarimax,extended
2018-07-07 06:00:00,23358.0,26981.0,30660.2,34339.4,2,sarimax,extended
2018-07-07 07:00:00,23663.0,28234.5,32084.7,35934.9,2,sarimax,extended
2018-07-07 08:00:00,24818.0,30781.1,34978.5,39176.0,2,sarimax,extended
2018-07-07 09:00:00,26449.0,33044.1,37550.1,42056.1,2,sarimax,extended
2018-07-07 10:00:00,27693.0,35095.4,39881.2,44666.9,2,sarimax,extended
2018-07-07 11:00:00,28681.0,36999.0,42044.3,47089.6,2,sarimax,extended
2018-07-07 12:00:00,29421.0,39217.6,44565.5,49913.4,2,sarimax,extended
2018-07-07 13:00:00,29976.0,40034.4,45493.7,50952.9,2,sarimax,extended
2018-07-07 14:00:00,30565.0,41084.7,46687.1,52289.6,2,sarimax,extended
2018-07-07 15:00:00,31347.0,42684.3,48504.8,54325.4,2,sarimax,extended
2018-07-07 16:00:00,32356.0,42536.2,48336.6,54137.0,2,sarimax,extended
2018-07-07 17:00:00,33430.0,43735.0,49698.9,55662.8,2,sarimax,extended
2018-07-07 18:00:00,34233.0,43370.0,49284.0,55198.1,2,sarimax,extended
2018-07-07 19:00:00,34170.0,42777.7,48611.0,54444.3,2,sarimax,extended
2018-07-07 20:00:00,33101.0,41300.9,46932.8,52564.7,2,sarimax,extended
2018-07-07 21:00:00,31614.0,39687.6,45099.5,50511.4,2,sarimax,extended
2018-07-07 22:00:00,30855.0,38495.6,43745.0,48994.4,2,sarimax,extended
2018-07-07 23:00:00,29070.0,35784.5,40664.2,45544.0,2,sarimax,extended
2018-07-08 00:00:00,26894.0,32506.1,36938.7,41371.4,2,sarimax,extended
2018-07-08 01:00:00,24656.0,30338.2,34475.2,38612.2,2,sarimax,extended
2018-07-08 02:00:00,23196.0,28366.0,32234.1,36102.2,2,sarimax,extended
2018-07-08 03:00:00,22232.0,27666.3,31439.0,35211.7,2,sarimax,extended
2018-07-08 04:00:00,21597.0,26473.9,30084.0,33694.1,2,sarimax,extended
2018-07-08 05:00:00,21353.0,26272.8,29855.4,33438.1,2,sarimax,extended
2018-07-08 06:00:00,21211.0,27027.0,30712.5,34397.9,2,sarimax,extended
2018-07-08 07:00:00,21428.0,28528.8,32419.0,36309.3,2,sarimax,extended
2018-07-08 08:00:00,22544.0,31045.1,35278.5,39511.9,2,sarimax,extended
2018-07-08 09:00:00,24211.0,32705.5,37165.4,41625.2,2,sarimax,extended
2018-07-08 10:00:00,25826.0,34687.4,39417.5,44147.6,2,sarimax,extended
2018-07-08 11:00:00,27396.0,36986.0,42029.6,47073.1,2,sarimax,extended
2018-07-08 12:00:00,28760.0,38016.9,43201.0,48385.1,2,sarimax,extended
2018-07-08 13:00:00,30008.0,39878.2,45316.1,50754.1,2,sarimax,extended
2018-07-08 14:00:00,31227.0,41339.8,46977.1,52614.3,2,sarimax,extended
2018-07-08 15:00:00,32586.0,41831.1,47535.3,53239.6,2,sarimax,extended
2018-07-08 16:00:00,34151.0,42050.3,47784.4,53518.5,2,sarimax,extended
2018-07-08 17:00:00,35838.0,43167.5,49053.9,54940.4,2,sarimax,extended
2018-07-08 18:00:00,37210.0,43062.2,48934.3,54806.4,2,sarimax,extended
2018-07-08 19:00:00,37450.0,41941.0,47660.2,53379.4,2,sarimax,extended
2018-07-08 20:00:00,36497.0,40214.9,45698.7,51182.6,2,sarimax,extended
2018-07-08 21:00:00,34974.0,39131.7,44467.8,49804.0,2,sarimax,extended
2018-07-08 22:00:00,34020.0,37777.2,42928.6,48080.0,2,sarimax,extended
2018-07-08 23:00:00,31538.0,34723.0,39457.9,44192.9,2,sarimax,extended
2018-07-09 00:00:00,28679.0,32095.0,36471.5,40848.1,2,sarimax,extended
2018-07-09 01:00:00,26251.0,29020.4,32977.7,36935.0,2,sarimax,extended
2018-07-09 02:00:00,24582.0,27771.4,31558.4,35345.4,2,sarimax,extended
2018-07-09 03:00:00,23663.0,26864.6,30528.0,34191.3,2,sarimax,extended
2018-07-09 04:00:00,23223.0,25508.3,28986.7,32465.1,2,sarimax,extended
2018-07-09 05:00:00,23484.0,25611.5,29104.0,32596.5,2,sarimax,extended
2018-07-09 06:00:00,24626.0,26878.3,30543.6,34208.8,2,sarimax,extended
2018-07-09 07:00:00,26519.0,27767.7,31554.2,35340.7,2,sarimax,extended
2018-07-09 08:00:00,29088.0,30047.6,34145.0,38242.4,2,sarimax,extended
2018-07-09 09:00:00,31048.0,31469.9,35761.3,40052.6,2,sarimax,extended
2018-07-09 10:00:00,32864.0,33315.7,37858.8,42401.9,2,sarimax,extended
2018-07-09 11:00:00,34764.0,35279.0,40089.8,44900.6,2,sarimax,extended
2018-07-09 12:00:00,36489.0,36712.1,41718.3,46724.5,2,sarimax,extended
2018-07-09 13:00:00,38091.0,38269.0,43487.5,48706.0,2,sarimax,extended
2018-07-09 14:00:00,39879.0,39421.3,44797.0,50172.6,2,sarimax,extended
2018-07-09 15:00:00,41572.0,39935.6,45381.3,50827.1,2,sarimax,extended
2018-07-09 16:00:00,43276.0,40663.4,46208.4,51753.4,2,sarimax,extended
2018-07-09 17:00:00,44848.0,41389.9,47034.0,52678.1,2,sarimax,extended
2018-07-09 18:00:00,45771.0,41015.7,46608.8,52201.8,2,sarimax,extended
2018-07-09 19:00:00,45494.0,40480.5,46000.5,51520.6,2,sarimax,extended
2018-07-09 20:00:00,43886.0,38631.5,43899.4,49167.3,2,sarimax,extended
2018-07-09 21:00:00,41662.0,37272.8,42355.4,47438.1,2,sarimax,extended
2018-07-09 22:00:00,39795.0,35759.8,40636.1,45512.4,2,sarimax,extended
2018-07-09 23:00:00,36290.0,33332.9,37878.3,42423.7,2,sarimax,extended
2018-07-10 00:00:00,32776.0,30667.0,34848.8,39030.7,2,sarimax,extended
2018-07-10 01:00:00,29679.0,28269.8,32124.7,35979.7,2,sarimax,extended
2018-07-10 02:00:00,27677.0,26543.9,30163.5,33783.1,2,sarimax,extended
2018-07-10 03:00:00,26401.0,24955.3,28358.3,31761.2,2,sarimax,extended
2018-07-10 04:00:00,25735.0,24310.5,27625.6,30940.7,2,sarimax,extended
2018-07-10 05:00:00,25808.0,24048.0,27327.2,30606.5,2,sarimax,extended
2018-07-10 06:00:00,26841.0,24990.8,28398.6,31806.5,2,sarimax,extended
2018-07-10 07:00:00,28883.0,26181.6,29751.9,33322.1,2,sarimax,extended
2018-07-10 08:00:00,31787.0,28612.3,32513.9,36415.6,2,sarimax,extended
2018-07-10 09:00:00,34357.0,30099.8,34204.3,38308.8,2,sarimax,extended
2018-07-10 10:00:00,36944.0,32342.8,36753.2,41163.6,2,sarimax,extended
2018-07-10 11:00:00,39621.0,34335.7,39017.8,43699.9,2,sarimax,extended
2018-07-10 12:00:00,42103.0,35647.4,40508.4,45369.4,2,sarimax,extended
2018-07-10 13:00:00,44216.0,36621.8,41615.7,46609.6,2,sarimax,extended
2018-07-10 14:00:00,46219.0,38026.4,43211.9,48397.3,2,sarimax,extended
2018-07-10 15:00:00,47959.0,38495.2,43744.6,48993.9,2,sarimax,extended
2018-07-10 16:00:00,49442.0,39275.8,44631.6,49987.4,2,sarimax,extended
2018-07-10 17:00:00,50731.0,39965.8,45415.6,50865.5,2,sarimax,extended
2018-07-10 18:00:00,51429.0,39983.7,45436.1,50888.4,2,sarimax,extended
2018-07-10 19:00:00,50943.0,38751.8,44036.1,49320.5,2,sarimax,extended
2018-07-10 20:00:00,49264.0,37348.7,42441.7,47534.7,2,sarimax,extended
2018-07-10 21:00:00,47194.0,36080.8,41001.0,45921.1,2,sarimax,extended
2018-07-10 22:00:00,45245.0,34790.4,39534.6,44278.7,2,sarimax,extended
2018-07-10 23:00:00,41533.0,32598.2,37043.5,41488.7,2,sarimax,extended
2018-07-11 00:00:00,37750.0,29888.0,33963.7,38039.3,2,sarimax,extended
2018-07-11 01:00:00,34491.0,27861.8,31661.1,35460.4,2,sarimax,extended
2018-07-11 02:00:00,32241.0,25839.5,29363.1,32886.7,2,sarimax,extended
2018-07-11 03:00:00,30727.0,24384.2,27709.3,31034.4,2,sarimax,extended
2018-07-11 04:00:00,29755.0,23644.8,26869.0,30093.3,2,sarimax,extended
2018-07-11 05:00:00,29571.0,23864.7,27119.0,30373.3,2,sarimax,extended
2018-07-11 06:00:00,30570.0,24664.6,28028.0,31391.3,2,sarimax,extended
2018-07-11 07:00:00,32425.0,25808.5,29327.9,32847.2,2,sarimax,extended
2018-07-11 08:00:00,35156.0,27618.5,31384.7,35150.8,2,sarimax,extended
2018-07-11 09:00:00,37384.0,29627.3,33667.3,37707.4,2,sarimax,extended
2018-07-11 10:00:00,39391.0,31045.1,35278.6,39512.0,2,sarimax,extended
2018-07-11 11:00:00,41478.0,33241.7,37774.6,42307.6,2,sarimax,extended
2018-07-11 12:00:00,43429.0,35231.3,40035.6,44839.9,2,sarimax,extended
2018-07-11 13:00:00,44897.0,36686.3,41689.0,46691.7,2,sarimax,extended
2018-07-11 14:00:00,46210.0,37699.7,42840.6,47981.5,2,sarimax,extended
2018-07-11 15:00:00,47239.0,38373.3,43606.0,48838.8,2,sarimax,extended
2018-07-11 16:00:00,48007.0,38326.5,43552.8,48779.2,2,sarimax,extended
2018-07-11 17:00:00,48546.0,39620.6,45023.4,50426.3,2,sarimax,extended
2018-07-11 18:00:00,48488.0,39231.1,44580.8,49930.5,2,sarimax,extended
2018-07-11 19:00:00,47227.0,39259.0,44612.5,49965.9,2,sarimax,extended
2018-07-11 20:00:00,44899.0,37224.3,42300.4,47376.4,2,sarimax,extended
2018-07-11 21:00:00,43176.0,36110.9,41035.1,45959.3,2,sarimax,extended
2018-07-11 22:00:00,41557.0,35397.4,40224.3,45051.2,2,sarimax,extended
2018-07-11 23:00:00,38176.0,32159.8,36545.2,40930.7,2,sarimax,extended
2018-07-12 00:00:00,34724.0,29758.0,33815.9,37873.8,2,sarimax,extended
2018-07-12 01:00:00,31596.0,28063.3,31890.1,35716.9,2,sarimax,extended
2018-07-12 02:00:00,29530.0,25983.4,29526.6,33069.8,2,sarimax,extended
2018-07-12 03:00:00,28141.0,25641.6,29138.2,32634.8,2,sarimax,extended
2018-07-12 04:00:00,27314.0,24513.1,27855.8,31198.5,2,sarimax,extended
2018-07-12 05:00:00,27150.0,23840.1,27091.1,30342.0,2,sarimax,extended
2018-07-12 06:00:00,28072.0,25188.0,28622.8,32057.5,2,sarimax,extended
2018-07-12 07:00:00,29919.0,26213.1,29787.7,33362.2,2,sarimax,extended
2018-07-12 08:00:00,32262.0,28454.5,32334.7,36214.8,2,sarimax,extended
2018-07-12 09:00:00,34365.0,30904.9,35119.2,39333.5,2,sarimax,extended
2018-07-12 10:00:00,36208.0,32688.4,37145.9,41603.4,2,sarimax,extended
2018-07-12 11:00:00,38167.0,34419.9,39113.6,43807.2,2,sarimax,extended
2018-07-12 12:00:00,39765.0,36248.5,41191.5,46134.5,2,sarimax,extended
2018-07-12 13:00:00,41289.0,37021.4,42069.8,47118.2,2,sarimax,extended
2018-07-12 14:00:00,42744.0,38561.7,43820.1,49078.6,2,sarimax,extended
2018-07-12 15:00:00,43799.0,39454.4,44834.5,50214.6,2,sarimax,extended
2018-07-12 16:00:00,44622.0,39831.9,45263.6,50695.2,2,sarimax,extended
2018-07-12 17:00:00,45162.0,40664.8,46210.0,51755.2,2,sarimax,extended
2018-07-12 18:00:00,45202.0,40897.9,46474.9,52051.9,2,sarimax,extended
2018-07-12 19:00:00,44188.0,40599.3,46135.5,51671.8,2,sarimax,extended
2018-07-12 20:00:00,42278.0,38382.1,43616.0,48849.9,2,sarimax,extended
2018-07-12 21:00:00,40614.0,37047.9,42099.8,47151.8,2,sarimax,extended
2018-07-12 22:00:00,39212.0,36647.6,41645.0,46642.4,2,sarimax,extended
2018-07-12 23:00:00,36168.0,33698.0,38293.2,42888.4,2,sarimax,extended
2018-07-13 00:00:00,32887.0,31039.3,35271.9,39504.5,2,sarimax,extended
2018-07-13 01:00:00,30004.0,21742.1,24706.9,27671.8,3,sarimax,primary
2018-07-13 02:00:00,28104.0,21108.3,23986.7,26865.1,3,sarimax,primary
2018-07-13 03:00:00,26823.0,19807.8,22508.9,25209.9,3,sarimax,primary
2018-07-13 04:00:00,26097.0,19288.1,21918.3,24548.4,3,sarimax,primary
2018-07-13 05:00:00,26072.0,19133.4,21742.5,24351.6,3,sarimax,primary
2018-07-13 06:00:00,26969.0,19745.8,22438.4,25131.0,3,sarimax,primary
2018-07-13 07:00:00,28777.0,21123.8,24004.4,26884.9,3,sarimax,primary
2018-07-13 08:00:00,31322.0,22628.3,25713.9,28799.6,3,sarimax,primary
2018-07-13 09:00:00,33540.0,24430.8,27762.3,31093.8,3,sarimax,primary
2018-07-13 10:00:00,35506.0,26301.8,29888.4,33475.0,3,sarimax,primary
2018-07-13 11:00:00,37451.0,27394.5,31130.1,34865.8,3,sarimax,primary
2018-07-13 12:00:00,39153.0,28577.4,32474.3,36371.2,3,sarimax,primary
2018-07-13 13:00:00,40552.0,30020.3,34114.0,38207.6,3,sarimax,primary
2018-07-13 14:00:00,42200.0,31082.7,35321.2,39559.8,3,sarimax,primary
2018-07-13 15:00:00,43465.0,31611.1,35921.8,40232.4,3,sarimax,primary
2018-07-13 16:00:00,44485.0,32068.6,36441.6,40814.6,3,sarimax,primary
2018-07-13 17:00:00,45207.0,32676.5,37132.4,41588.3,3,sarimax,primary
2018-07-13 18:00:00,45368.0,32717.6,37179.1,41640.6,3,sarimax,primary
2018-07-13 19:00:00,44352.0,31493.2,35787.8,40082.3,3,sarimax,primary
2018-07-13 20:00:00,42301.0,31283.7,35549.6,39815.6,3,sarimax,primary
2018-07-13 21:00:00,40150.0,29943.3,34026.5,38109.7,3,sarimax,primary
2018-07-13 22:00:00,38638.0,29130.1,33102.3,37074.6,3,sarimax,primary
2018-07-13 23:00:00,35709.0,26674.5,30312.0,33949.4,3,sarimax,primary
2018-07-14 00:00:00,32597.0,24727.4,28099.4,31471.3,3,sarimax,primary
2018-07-13 01:00:00,30004.0,23314.5,26493.7,29672.9,3,sarimax,extended
2018-07-13 02:00:00,28104.0,22088.9,25101.1,28113.2,3,sarimax,extended
2018-07-13 03:00:00,26823.0,20852.4,23695.9,26539.4,3,sarimax,extended
2018-07-13 04:00:00,26097.0,20342.5,23116.5,25890.4,3,sarimax,extended
2018-07-13 05:00:00,26072.0,20872.6,23718.9,26565.1,3,sarimax,extended
2018-07-13 06:00:00,26969.0,21334.9,24244.2,27153.4,3,sarimax,extended
2018-07-13 07:00:00,28777.0,22597.8,25679.3,28760.9,3,sarimax,extended
2018-07-13 08:00:00,31322.0,24081.0,27364.7,30648.5,3,sarimax,extended
2018-07-13 09:00:00,33540.0,26208.4,29782.3,33356.2,3,sarimax,extended
2018-07-13 10:00:00,35506.0,27970.4,31784.5,35598.6,3,sarimax,extended
2018-07-13 11:00:00,37451.0,29710.1,33761.5,37812.9,3,sarimax,extended
2018-07-13 12:00:00,39153.0,30704.8,34891.8,39078.9,3,sarimax,extended
2018-07-13 13:00:00,40552.0,31843.0,36185.2,40527.4,3,sarimax,extended
2018-07-13 14:00:00,42200.0,32897.9,37384.0,41870.1,3,sarimax,extended
2018-07-13 15:00:00,43465.0,33591.0,38171.6,42752.2,3,sarimax,extended
2018-07-13 16:00:00,44485.0,34152.0,38809.1,43466.2,3,sarimax,extended
2018-07-13 17:00:00,45207.0,35013.7,39788.3,44562.9,3,sarimax,extended
2018-07-13 18:00:00,45368.0,34826.8,39575.9,44325.1,3,sarimax,extended
2018-07-13 19:00:00,44352.0,34239.6,38908.6,43577.7,3,sarimax,extended
2018-07-13 20:00:00,42301.0,33022.3,37525.4,42028.4,3,sarimax,extended
2018-07-13 21:00:00,40150.0,31684.4,36005.0,40325.6,3,sarimax,extended
2018-07-13 22:00:00,38638.0,31030.7,35262.1,39493.6,3,sarimax,extended
2018-07-13 23:00:00,35709.0,29189.4,33169.8,37150.2,3,sarimax,extended
2018-07-14 00:00:00,32597.0,26322.6,29912.0,33501.5,3,sarimax,extended
2018-07-14 01:00:00,29814.0,24435.8,27768.0,31100.1,3,sarimax,extended
2018-07-14 02:00:00,27773.0,23303.2,26480.9,29658.6,3,sarimax,extended
2018-07-14 03:00:00,26383.0,21977.1,24974.0,27970.8,3,sarimax,extended
2018-07-14 04:00:00,25464.0,21188.2,24077.5,26966.9,3,sarimax,extended
2018-07-14 05:00:00,25068.0,21409.2,24328.6,27248.0,3,sarimax,extended
2018-07-14 06:00:00,25066.0,22137.0,25155.7,28174.4,3,sarimax,extended
2018-07-14 07:00:00,25489.0,23386.1,26575.1,29764.1,3,sarimax,extended
2018-07-14 08:00:00,27241.0,24775.9,28154.4,31532.9,3,sarimax,extended
2018-07-14 09:00:00,29717.0,26823.1,30480.8,34138.5,3,sarimax,extended
2018-07-14 10:00:00,32295.0,28362.7,32230.3,36098.0,3,sarimax,extended
2018-07-14 11:00:00,34784.0,30014.4,34107.3,38200.2,3,sarimax,extended
2018-07-14 12:00:00,37040.0,31307.7,35577.0,39846.2,3,sarimax,extended
2018-07-14 13:00:00,38782.0,32742.0,37206.8,41671.6,3,sarimax,extended
2018-07-14 14:00:00,40343.0,33079.2,37590.0,42100.8,3,sarimax,extended
2018-07-14 15:00:00,41810.0,34759.6,39499.5,44239.4,3,sarimax,extended
2018-07-14 16:00:00,43166.0,34614.7,39334.9,44055.1,3,sarimax,extended
2018-07-14 17:00:00,44380.0,35424.4,40255.0,45085.7,3,sarimax,extended
2018-07-14 18:00:00,44984.0,35213.5,40015.4,44817.2,3,sarimax,extended
2018-07-14 19:00:00,44606.0,34777.2,39519.5,44261.9,3,sarimax,extended
2018-07-14 20:00:00,43030.0,33684.3,38277.6,42870.9,3,sarimax,extended
2018-07-14 21:00:00,41351.0,32146.5,36530.1,40913.7,3,sarimax,extended
2018-07-14 22:00:00,40018.0,31321.5,35592.6,39863.8,3,sarimax,extended
2018-07-14 23:00:00,37423.0,29200.0,33181.9,37163.7,3,sarimax,extended
2018-07-15 00:00:00,34543.0,26928.3,30600.4,34272.4,3,sarimax,extended
2018-07-15 01:00:00,31822.0,24924.9,28323.7,31722.6,3,sarimax,extended
2018-07-15 02:00:00,29820.0,23260.0,26431.8,29603.7,3,sarimax,extended
2018-07-15 03:00:00,28409.0,22280.7,25319.0,28357.3,3,sarimax,extended
2018-07-15 04:00:00,27472.0,21501.7,24433.7,27365.8,3,sarimax,extended
2018-07-15 05:00:00,26832.0,21166.0,24052.2,26938.5,3,sarimax,extended
2018-07-15 06:00:00,26712.0,21777.9,24747.7,27717.4,3,sarimax,extended
2018-07-15 07:00:00,26749.0,23476.8,26678.1,29879.5,3,sarimax,extended
2018-07-15 08:00:00,27771.0,24775.2,28153.6,31532.1,3,sarimax,extended
2018-07-15 09:00:00,29624.0,27031.6,30717.7,34403.9,3,sarimax,extended
2018-07-15 10:00:00,31808.0,28515.9,32404.5,36293.0,3,sarimax,extended
2018-07-15 11:00:00,33782.0,30138.2,34248.0,38357.7,3,sarimax,extended
2018-07-15 12:00:00,34840.0,31184.2,35436.5,39688.9,3,sarimax,extended
2018-07-15 13:00:00,35304.0,32589.3,37033.3,41477.3,3,sarimax,extended
2018-07-15 14:00:00,36039.0,33190.9,37716.9,42242.9,3,sarimax,extended
2018-07-15 15:00:00,36899.0,34452.7,39150.8,43848.9,3,sarimax,extended
2018-07-15 16:00:00,38385.0,34606.8,39325.9,44045.1,3,sarimax,extended
2018-07-15 17:00:00,40418.0,34715.0,39448.9,44182.8,3,sarimax,extended
2018-07-15 18:00:00,42005.0,34712.1,39445.6,44179.0,3,sarimax,extended
2018-07-15 19:00:00,42348.0,33906.7,38530.3,43154.0,3,sarimax,extended
2018-07-15 20:00:00,41550.0,33140.5,37659.6,42178.8,3,sarimax,extended
2018-07-15 21:00:00,40646.0,31947.9,36304.4,40660.9,3,sarimax,extended
2018-07-15 22:00:00,39819.0,30108.7,34214.4,38320.1,3,sarimax,extended
2018-07-15 23:00:00,37301.0,28065.7,31892.8,35719.9,3,sarimax,extended
2018-07-16 00:00:00,34259.0,26102.0,29661.4,33220.8,3,sarimax,extended
2018-07-16 01:00:00,31711.0,24354.8,27675.9,30997.0,3,sarimax,extended
2018-07-16 02:00:00,29945.0,22351.3,25399.3,28447.2,3,sarimax,extended
2018-07-16 03:00:00,28772.0,21448.5,24373.2,27298.0,3,sarimax,extended
2018-07-16 04:00:00,28250.0,20746.4,23575.5,26404.5,3,sarimax,extended
2018-07-16 05:00:00,28477.0,21333.7,24242.8,27152.0,3,sarimax,extended
2018-07-16 06:00:00,29784.0,21282.7,24184.9,27087.0,3,sarimax,extended
2018-07-16 07:00:00,31949.0,22538.1,25611.5,28684.8,3,sarimax,extended
2018-07-16 08:00:00,35160.0,24386.4,27711.8,31037.2,3,sarimax,extended
2018-07-16 09:00:00,38139.0,25996.4,29541.3,33086.3,3,sarimax,extended
2018-07-16 10:00:00,41134.0,26872.9,30537.3,34201.8,3,sarimax,extended
2018-07-16 11:00:00,44199.0,28906.1,32847.9,36789.6,3,sarimax,extended
2018-07-16 12:00:00,46981.0,30258.8,34385.1,38511.3,3,sarimax,extended
2018-07-16 13:00:00,49438.0,30986.4,35211.8,39437.2,3,sarimax,extended
2018-07-16 14:00:00,51410.0,32348.1,36759.2,41170.3,3,sarimax,extended
2018-07-16 15:00:00,52742.0,32822.1,37297.8,41773.5,3,sarimax,extended
2018-07-16 16:00:00,53408.0,33024.7,37528.0,42031.4,3,sarimax,extended
2018-07-16 17:00:00,53764.0,33740.7,38341.7,42942.7,3,sarimax,extended
2018-07-16 18:00:00,53352.0,33399.8,37954.3,42508.9,3,sarimax,extended
2018-07-16 19:00:00,52226.0,32818.3,37293.5,41768.7,3,sarimax,extended
2018-07-16 20:00:00,50618.0,31628.3,35941.3,40254.3,3,sarimax,extended
2018-07-16 21:00:00,49063.0,30013.5,34106.2,38199.0,3,sarimax,extended
2018-07-16 22:00:00,47205.0,29536.1,33563.7,37591.3,3,sarimax,extended
2018-07-16 23:00:00,43544.0,26820.0,30477.3,34134.6,3,sarimax,extended
2018-07-17 00:00:00,39928.0,24795.7,28177.0,31558.2,3,sarimax,extended
2018-07-17 01:00:00,36824.0,23036.1,26177.4,29318.6,3,sarimax,extended
2018-07-17 02:00:00,34665.0,21121.4,24001.6,26881.8,3,sarimax,extended
2018-07-17 03:00:00,33185.0,20559.6,23363.2,26166.8,3,sarimax,extended
2018-07-17 04:00:00,32284.0,20611.0,23421.5,26232.1,3,sarimax,extended
2018-07-17 05:00:00,32257.0,20062.4,22798.2,25533.9,3,sarimax,extended
2018-07-17 06:00:00,33401.0,20582.5,23389.2,26195.9,3,sarimax,extended
2018-07-17 07:00:00,35386.0,21437.9,24361.3,27284.6,3,sarimax,extended
2018-07-17 08:00:00,38360.0,22926.1,26052.4,29178.7,3,sarimax,extended
2018-07-17 09:00:00,40896.0,25035.1,28449.0,31862.9,3,sarimax,extended
2018-07-17 10:00:00,43309.0,25967.1,29508.1,33049.1,3,sarimax,extended
2018-07-17 11:00:00,45887.0,27810.3,31602.6,35394.9,3,sarimax,extended
2018-07-17 12:00:00,48061.0,28615.4,32517.5,36419.6,3,sarimax,extended
2018-07-17 13:00:00,49586.0,29257.5,33247.2,37236.8,3,sarimax,extended
2018-07-17 14:00:00,50490.0,31049.1,35283.1,39517.1,3,sarimax,extended
2018-07-17 15:00:00,49579.0,31799.6,36135.9,40472.2,3,sarimax,extended
2018-07-17 16:00:00,46917.0,32241.8,36638.4,41035.0,3,sarimax,extended
2018-07-17 17:00:00,45172.0,31948.8,36305.4,40662.1,3,sarimax,extended
2018-07-17 18:00:00,44681.0,32243.8,36640.7,41037.6,3,sarimax,extended
2018-07-17 19:00:00,43702.0,31821.7,36161.0,40500.3,3,sarimax,extended
2018-07-17 20:00:00,42426.0,31004.5,35232.4,39460.2,3,sarimax,extended
2018-07-17 21:00:00,41467.0,29247.2,33235.5,37223.7,3,sarimax,extended
2018-07-17 22:00:00,40267.0,28274.6,32130.2,35985.8,3,sarimax,extended
2018-07-17 23:00:00,37211.0,25983.3,29526.5,33069.7,3,sarimax,extended
2018-07-18 00:00:00,34033.0,23924.3,27186.7,30449.1,3,sarimax,extended
2018-07-18 01:00:00,31421.0,22290.3,25329.9,28369.4,3,sarimax,extended
2018-07-18 02:00:00,29604.0,20872.5,23718.7,26565.0,3,sarimax,extended
2018-07-18 03:00:00,28289.0,20117.6,22860.9,25604.2,3,sarimax,extended
2018-07-18 04:00:00,27404.0,19346.7,21984.9,24623.1,3,sarimax,extended
2018-07-18 05:00:00,27307.0,19173.2,21787.7,24402.2,3,sarimax,extended
2018-07-18 06:00:00,28141.0,20718.9,23544.2,26369.5,3,sarimax,extended
2018-07-18 07:00:00,29821.0,21252.7,24150.8,27048.8,3,sarimax,extended
2018-07-18 08:00:00,32274.0,22761.0,25864.8,28968.5,3,sarimax,extended
2018-07-18 09:00:00,34136.0,24276.6,27587.0,30897.5,3,sarimax,extended
2018-07-18 10:00:00,35766.0,25941.4,29478.9,33016.3,3,sarimax,extended
2018-07-18 11:00:00,37339.0,27476.0,31222.8,34969.5,3,sarimax,extended
2018-07-18 12:00:00,38927.0,28903.3,32844.6,36786.0,3,sarimax,extended
2018-07-18 13:00:00,40359.0,29677.1,33724.0,37770.9,3,sarimax,extended
2018-07-18 14:00:00,41680.0,30269.1,34396.7,38524.3,3,sarimax,extended
2018-07-18 15:00:00,42771.0,31750.5,36080.1,40409.7,3,sarimax,extended
2018-07-18 16:00:00,43742.0,31511.9,35809.0,40106.1,3,sarimax,extended
2018-07-18 17:00:00,44607.0,32090.8,36466.8,40842.9,3,sarimax,extended
2018-07-18 18:00:00,45057.0,31963.0,36321.6,40680.2,3,sarimax,extended
2018-07-18 19:00:00,44294.0,31045.8,35279.3,39512.8,3,sarimax,extended
2018-07-18 20:00:00,42401.0,31020.6,35250.6,39480.7,3,sarimax,extended
2018-07-18 21:00:00,40363.0,29762.3,33820.8,37879.3,3,sarimax,extended
2018-07-18 22:00:00,38647.0,28480.9,32364.6,36248.4,3,sarimax,extended
2018-07-18 23:00:00,35276.0,26150.2,29716.1,33282.1,3,sarimax,extended
2018-07-19 00:00:00,31896.0,24578.9,27930.6,31282.3,3,sarimax,extended
2018-07-19 01:00:00,29092.0,22952.9,26082.9,29212.8,3,sarimax,extended
2018-07-19 02:00:00,27128.0,21519.1,24453.6,27388.0,3,sarimax,extended
2018-07-19 03:00:00,25875.0,20697.2,23519.5,26341.9,3,sarimax,extended
2018-07-19 04:00:00,25119.0,19391.3,22035.5,24679.8,3,sarimax,extended
2018-07-19 05:00:00,25063.0,19765.1,22460.3,25155.5,3,sarimax,extended
2018-07-19 06:00:00,26089.0,20368.2,23145.7,25923.2,3,sarimax,extended
2018-07-19 07:00:00,27824.0,21419.0,24339.8,27260.5,3,sarimax,extended
2018-07-19 08:00:00,30110.0,23538.1,26747.9,29957.6,3,sarimax,extended
2018-07-19 09:00:00,31871.0,24739.6,28113.2,31486.7,3,sarimax,extended
2018-07-19 10:00:00,33321.0,26354.3,29948.1,33541.9,3,sarimax,extended
2018-07-19 11:00:00,34909.0,28271.1,32126.3,35981.4,3,sarimax,extended
2018-07-19 12:00:00,36419.0,28971.7,32922.4,36873.1,3,sarimax,extended
2018-07-19 13:00:00,37768.0,30525.6,34688.2,38850.8,3,sarimax,extended
2018-07-19 14:00:00,39359.0,31544.0,35845.5,40146.9,3,sarimax,extended
2018-07-19 15:00:00,40755.0,32722.1,37184.2,41646.3,3,sarimax,extended
2018-07-19 16:00:00,42256.0,32326.0,36734.1,41142.1,3,sarimax,extended
2018-07-19 17:00:00,43598.0,32923.6,37413.1,41902.7,3,sarimax,extended
2018-07-19 18:00:00,44317.0,33250.5,37784.7,42318.8,3,sarimax,extended
2018-07-19 19:00:00,43602.0,32970.4,37466.4,41962.4,3,sarimax,extended
2018-07-19 20:00:00,41774.0,31518.4,35816.4,40114.3,3,sarimax,extended
2018-07-19 21:00:00,39779.0,30542.2,34707.0,38871.8,3,sarimax,extended
2018-07-19 22:00:00,38082.0,29458.9,33476.0,37493.1,3,sarimax,extended
2018-07-19 23:00:00,34983.0,27658.4,31429.9,35201.5,3,sarimax,extended
2018-07-20 00:00:00,31740.0,25557.8,29042.9,32528.1,3,sarimax,extended
2018-07-20 01:00:00,29098.0,22461.8,25524.7,28587.7,4,sarimax,primary
2018-07-20 02:00:00,27369.0,20923.2,23776.4,26629.5,4,sarimax,primary
2018-07-20 03:00:00,26175.0,20000.4,22727.7,25455.0,4,sarimax,primary
2018-07-20 04:00:00,25451.0,19842.8,22548.6,25254.4,4,sarimax,primary
2018-07-20 05:00:00,25507.0,19533.3,22196.9,24860.5,4,sarimax,primary
2018-07-20 06:00:00,26442.0,20224.8,22982.7,25740.6,4,sarimax,primary
2018-07-20 07:00:00,28164.0,21460.3,24386.7,27313.1,4,sarimax,primary
2018-07-20 08:00:00,30736.0,23330.3,26511.8,29693.2,4,sarimax,primary
2018-07-20 09:00:00,33148.0,25224.7,28664.5,32104.2,4,sarimax,primary
2018-07-20 10:00:00,35273.0,26268.4,29850.5,33432.5,4,sarimax,primary
2018-07-20 11:00:00,37203.0,28527.3,32417.4,36307.5,4,sarimax,primary
2018-07-20 12:00:00,38779.0,29102.4,33070.9,37039.4,4,sarimax,primary
2018-07-20 13:00:00,39996.0,30620.2,34795.7,38971.2,4,sarimax,primary
2018-07-20 14:00:00,41134.0,30739.7,34931.5,39123.3,4,sarimax,primary
2018-07-20 15:00:00,42019.0,31874.5,36221.0,40567.5,4,sarimax,primary
2018-07-20 16:00:00,42758.0,32376.4,36791.4,41206.4,4,sarimax,primary
2018-07-20 17:00:00,43320.0,33000.4,37500.5,42000.5,4,sarimax,primary
2018-07-20 18:00:00,43254.0,33031.5,37535.8,42040.1,4,sarimax,primary
2018-07-20 19:00:00,41754.0,32807.5,37281.3,41755.0,4,sarimax,primary
2018-07-20 20:00:00,39593.0,31842.5,36184.6,40526.8,4,sarimax,primary
2018-07-20 21:00:00,37810.0,30133.2,34242.3,38351.3,4,sarimax,primary
2018-07-20 22:00:00,36564.0,29539.2,33567.2,37595.3,4,sarimax,primary
2018-07-20 23:00:00,34018.0,27066.8,30757.7,34448.6,4,sarimax,primary
2018-07-21 00:00:00,31204.0,25352.0,28809.1,32266.2,4,sarimax,primary
2018-07-20 01:00:00,29098.0,25599.3,29090.1,32580.9,4,sarimax,extended
2018-07-20 02:00:00,27369.0,24027.7,27304.2,30580.7,4,sarimax,extended
2018-07-20 03:00:00,26175.0,23011.9,26149.9,29287.9,4,sarimax,extended
2018-07-20 04:00:00,25451.0,22598.3,25679.9,28761.5,4,sarimax,extended
2018-07-20 05:00:00,25507.0,22136.4,25155.0,28173.6,4,sarimax,extended
2018-07-20 06:00:00,26442.0,22969.5,26101.7,29233.9,4,sarimax,extended
2018-07-20 07:00:00,28164.0,24026.2,27302.5,30578.8,4,sarimax,extended
2018-07-20 08:00:00,30736.0,26407.7,30008.8,33609.9,4,sarimax,extended
2018-07-20 09:00:00,33148.0,28443.8,32322.5,36201.2,4,sarimax,extended
2018-07-20 10:00:00,35273.0,29669.5,33715.4,37761.2,4,sarimax,extended
2018-07-20 11:00:00,37203.0,32054.7,36425.8,40796.9,4,sarimax,extended
2018-07-20 12:00:00,38779.0,33426.5,37984.7,42542.8,4,sarimax,extended
2018-07-20 13:00:00,39996.0,35079.3,39862.8,44646.4,4,sarimax,extended
2018-07-20 14:00:00,41134.0,35861.6,40751.9,45642.1,4,sarimax,extended
2018-07-20 15:00:00,42019.0,37032.1,42081.9,47131.7,4,sarimax,extended
2018-07-20 16:00:00,42758.0,37376.0,42472.7,47569.4,4,sarimax,extended
2018-07-20 17:00:00,43320.0,37759.9,42909.0,48058.1,4,sarimax,extended
2018-07-20 18:00:00,43254.0,38516.9,43769.3,49021.6,4,sarimax,extended
2018-07-20 19:00:00,41754.0,37237.3,42315.2,47393.0,4,sarimax,extended
2018-07-20 20:00:00,39593.0,36090.9,41012.4,45933.9,4,sarimax,extended
2018-07-20 21:00:00,37810.0,34797.4,39542.4,44287.5,4,sarimax,extended
2018-07-20 22:00:00,36564.0,33796.0,38404.5,43013.0,4,sarimax,extended
2018-07-20 23:00:00,34018.0,31255.5,35517.6,39779.7,4,sarimax,extended
2018-07-21 00:00:00,31204.0,28498.3,32384.4,36270.5,4,sarimax,extended
2018-07-21 01:00:00,28751.0,26864.8,30528.1,34191.5,4,sarimax,extended
2018-07-21 02:00:00,26963.0,25372.5,28832.4,32292.3,4,sarimax,extended
2018-07-21 03:00:00,25831.0,23829.2,27078.7,30328.1,4,sarimax,extended
2018-07-21 04:00:00,25041.0,23954.3,27220.8,30487.3,4,sarimax,extended
2018-07-21 05:00:00,24745.0,23037.7,26179.3,29320.8,4,sarimax,extended
2018-07-21 06:00:00,24910.0,24163.0,27458.0,30752.9,4,sarimax,extended
2018-07-21 07:00:00,25327.0,25473.7,28947.3,32421.0,4,sarimax,extended
2018-07-21 08:00:00,26759.0,26873.3,30537.8,34202.4,4,sarimax,extended
2018-07-21 09:00:00,28749.0,29404.7,33414.4,37424.2,4,sarimax,extended
2018-07-21 10:00:00,30453.0,31070.6,35307.5,39544.4,4,sarimax,extended
2018-07-21 11:00:00,31587.0,32773.1,37242.1,41711.2,4,sarimax,extended
2018-07-21 12:00:00,32231.0,34345.0,39028.4,43711.8,4,sarimax,extended
2018-07-21 13:00:00,32417.0,36058.2,40975.2,45892.2,4,sarimax,extended
2018-07-21 14:00:00,32255.0,36864.2,41891.1,46918.1,4,sarimax,extended
2018-07-21 15:00:00,31885.0,37723.6,42867.7,48011.8,4,sarimax,extended
2018-07-21 16:00:00,31466.0,38620.0,43886.4,49152.8,4,sarimax,extended
2018-07-21 17:00:00,31259.0,38723.9,44004.4,49284.9,4,sarimax,extended
2018-07-21 18:00:00,31147.0,38526.8,43780.4,49034.1,4,sarimax,extended
2018-07-21 19:00:00,30843.0,37725.0,42869.4,48013.7,4,sarimax,extended
2018-07-21 20:00:00,30498.0,36578.6,41566.6,46554.6,4,sarimax,extended
2018-07-21 21:00:00,30608.0,35778.2,40657.0,45535.8,4,sarimax,extended
2018-07-21 22:00:00,30115.0,33936.3,38564.0,43191.7,4,sarimax,extended
2018-07-21 23:00:00,28870.0,31678.6,35998.5,40318.3,4,sarimax,extended
2018-07-22 00:00:00,27413.0,29049.3,33010.6,36971.9,4,sarimax,extended
2018-07-22 01:00:00,26051.0,27165.6,30870.0,34574.4,4,sarimax,extended
2018-07-22 02:00:00,25053.0,24796.3,28177.6,31558.9,4,sarimax,extended
2018-07-22 03:00:00,24463.0,24561.5,27910.7,31260.0,4,sarimax,extended
2018-07-22 04:00:00,24053.0,23324.4,26505.0,29685.6,4,sarimax,extended
2018-07-22 05:00:00,23872.0,23520.3,26727.6,29934.9,4,sarimax,extended
2018-07-22 06:00:00,23972.0,24121.5,27410.7,30700.0,4,sarimax,extended
2018-07-22 07:00:00,24019.0,25447.9,28918.0,32388.2,4,sarimax,extended
2018-07-22 08:00:00,24967.0,27523.8,31277.0,35030.3,4,sarimax,extended
2018-07-22 09:00:00,26719.0,29422.3,33434.4,37446.5,4,sarimax,extended
2018-07-22 10:00:00,28581.0,31597.7,35906.4,40215.2,4,sarimax,extended
2018-07-22 11:00:00,30291.0,32608.2,37054.8,41501.3,4,sarimax,extended
2018-07-22 12:00:00,32147.0,34049.6,38692.8,43335.9,4,sarimax,extended
2018-07-22 13:00:00,34052.0,35408.8,40237.3,45065.7,4,sarimax,extended
2018-07-22 14:00:00,35498.0,36831.4,41853.9,46876.3,4,sarimax,extended
2018-07-22 15:00:00,36544.0,37480.9,42591.9,47702.9,4,sarimax,extended
2018-07-22 16:00:00,37274.0,37689.2,42828.7,47968.1,4,sarimax,extended
2018-07-22 17:00:00,38288.0,38400.6,43637.0,48873.5,4,sarimax,extended
2018-07-22 18:00:00,38878.0,38587.2,43849.1,49111.0,4,sarimax,extended
2018-07-22 19:00:00,38254.0,37178.1,42247.8,47317.6,4,sarimax,extended
2018-07-22 20:00:00,37374.0,36155.3,41085.6,46015.8,4,sarimax,extended
2018-07-22 21:00:00,36995.0,34715.2,39449.1,44183.0,4,sarimax,extended
2018-07-22 22:00:00,36331.0,33570.1,38147.9,42725.6,4,sarimax,extended
2018-07-22 23:00:00,34405.0,31025.7,35256.4,39487.2,4,sarimax,extended
2018-07-23 00:00:00,32150.0,28796.4,32723.1,36649.9,4,sarimax,extended
2018-07-23 01:00:00,30384.0,26142.6,29707.5,33272.4,4,sarimax,extended
2018-07-23 02:00:00,29139.0,24207.1,27508.1,30809.1,4,sarimax,extended
2018-07-23 03:00:00,28460.0,23552.8,26764.5,29976.3,4,sarimax,extended
2018-07-23 04:00:00,28259.0,22724.7,25823.5,28922.3,4,sarimax,extended
2018-07-23 05:00:00,28839.0,23362.7,26548.6,29734.4,4,sarimax,extended
2018-07-23 06:00:00,30603.0,23133.3,26287.8,29442.4,4,sarimax,extended
2018-07-23 07:00:00,32794.0,24362.0,27684.1,31006.2,4,sarimax,extended
2018-07-23 08:00:00,34989.0,26009.8,29556.6,33103.4,4,sarimax,extended
2018-07-23 09:00:00,36661.0,28123.4,31958.4,35793.4,4,sarimax,extended
2018-07-23 10:00:00,37947.0,30046.0,34143.2,38240.4,4,sarimax,extended
2018-07-23 11:00:00,39593.0,32022.7,36389.5,40756.2,4,sarimax,extended
2018-07-23 12:00:00,41007.0,32802.0,37275.0,41748.0,4,sarimax,extended
2018-07-23 13:00:00,42086.0,33826.5,38439.2,43051.9,4,sarimax,extended
2018-07-23 14:00:00,43182.0,34782.9,39526.0,44269.1,4,sarimax,extended
2018-07-23 15:00:00,44334.0,35788.8,40669.1,45549.4,4,sarimax,extended
2018-07-23 16:00:00,44848.0,36065.3,40983.3,45901.2,4,sarimax,extended
2018-07-23 17:00:00,45096.0,36700.6,41705.2,46709.8,4,sarimax,extended
2018-07-23 18:00:00,44891.0,36728.4,41736.8,46745.2,4,sarimax,extended
2018-07-23 19:00:00,43791.0,35834.7,40721.3,45607.9,4,sarimax,extended
2018-07-23 20:00:00,42433.0,34470.3,39170.8,43871.3,4,sarimax,extended
2018-07-23 21:00:00,41745.0,33312.0,37854.5,42397.0,4,sarimax,extended
2018-07-23 22:00:00,40395.0,32010.5,36375.6,40740.7,4,sarimax,extended
2018-07-23 23:00:00,37727.0,30256.3,34382.2,38508.1,4,sarimax,extended
2018-07-24 00:00:00,34904.0,27192.6,30900.7,34608.8,4,sarimax,extended
2018-07-24 01:00:00,32568.0,25537.7,29020.2,32502.6,4,sarimax,extended
2018-07-24 02:00:00,31053.0,23696.1,26927.4,30158.6,4,sarimax,extended
2018-07-24 03:00:00,30071.0,22800.1,25909.2,29018.3,4,sarimax,extended
2018-07-24 04:00:00,29625.0,21673.2,24628.7,27584.1,4,sarimax,extended
2018-07-24 05:00:00,29871.0,21972.0,24968.1,27964.3,4,sarimax,extended
2018-07-24 06:00:00,31344.0,22270.0,25306.8,28343.6,4,sarimax,extended
2018-07-24 07:00:00,33578.0,23648.6,26873.4,30098.2,4,sarimax,extended
2018-07-24 08:00:00,35887.0,25120.4,28545.9,31971.4,4,sarimax,extended
2018-07-24 09:00:00,37691.0,27344.9,31073.7,34802.6,4,sarimax,extended
2018-07-24 10:00:00,39246.0,28989.8,32942.9,36896.0,4,sarimax,extended
2018-07-24 11:00:00,40831.0,30481.3,34637.8,38794.3,4,sarimax,extended
2018-07-24 12:00:00,42108.0,31868.2,36213.9,40559.6,4,sarimax,extended
2018-07-24 13:00:00,43027.0,32402.9,36821.4,41240.0,4,sarimax,extended
2018-07-24 14:00:00,43988.0,33587.6,38167.8,42747.9,4,sarimax,extended
2018-07-24 15:00:00,44433.0,34324.6,39005.2,43685.8,4,sarimax,extended
2018-07-24 16:00:00,44776.0,35133.2,39924.0,44714.9,4,sarimax,extended
2018-07-24 17:00:00,44989.0,35264.2,40072.9,44881.7,4,sarimax,extended
2018-07-24 18:00:00,44709.0,35429.7,40261.0,45092.3,4,sarimax,extended
2018-07-24 19:00:00,43757.0,34537.5,39247.2,43956.9,4,sarimax,extended
2018-07-24 20:00:00,42440.0,33234.8,37766.8,42298.8,4,sarimax,extended
2018-07-24 21:00:00,41834.0,32040.7,36409.9,40779.1,4,sarimax,extended
2018-07-24 22:00:00,40559.0,30952.1,35172.9,39393.6,4,sarimax,extended
2018-07-24 23:00:00,37900.0,28433.0,32310.3,36187.5,4,sarimax,extended
2018-07-25 00:00:00,34974.0,26182.3,29752.6,33322.9,4,sarimax,extended
2018-07-25 01:00:00,32647.0,24428.7,27759.9,31091.1,4,sarimax,extended
2018-07-25 02:00:00,31093.0,23153.2,26310.5,29467.7,4,sarimax,extended
2018-07-25 03:00:00,30064.0,21886.8,24871.4,27855.9,4,sarimax,extended
2018-07-25 04:00:00,29434.0,21096.8,23973.6,26850.4,4,sarimax,extended
2018-07-25 05:00:00,29518.0,21363.1,24276.3,27189.5,4,sarimax,extended
2018-07-25 06:00:00,30800.0,21849.3,24828.7,27808.1,4,sarimax,extended
2018-07-25 07:00:00,32811.0,23721.9,26956.7,30191.5,4,sarimax,extended
2018-07-25 08:00:00,34745.0,24922.6,28321.2,31719.7,4,sarimax,extended
2018-07-25 09:00:00,36320.0,26587.4,30213.0,33838.5,4,sarimax,extended
2018-07-25 10:00:00,37783.0,28295.5,32154.0,36012.5,4,sarimax,extended
2018-07-25 11:00:00,39039.0,30092.6,34196.2,38299.7,4,sarimax,extended
2018-07-25 12:00:00,40271.0,31351.8,35627.0,39902.3,4,sarimax,extended
2018-07-25 13:00:00,41169.0,32458.5,36884.6,41310.8,4,sarimax,extended
2018-07-25 14:00:00,42225.0,33261.3,37797.0,42332.6,4,sarimax,extended
2018-07-25 15:00:00,42993.0,33743.4,38344.8,42946.2,4,sarimax,extended
2018-07-25 16:00:00,43279.0,35164.3,39959.5,44754.6,4,sarimax,extended
2018-07-25 17:00:00,43216.0,35136.9,39928.3,44719.7,4,sarimax,extended
2018-07-25 18:00:00,42707.0,35069.1,39851.3,44633.4,4,sarimax,extended
2018-07-25 19:00:00,41387.0,34436.2,39132.1,43827.9,4,sarimax,extended
2018-07-25 20:00:00,40182.0,33536.2,38109.3,42682.4,4,sarimax,extended
2018-07-25 21:00:00,39434.0,32334.6,36743.8,41153.1,4,sarimax,extended
2018-07-25 22:00:00,38033.0,31316.0,35586.4,39856.7,4,sarimax,extended
2018-07-25 23:00:00,35368.0,28856.7,32791.7,36726.7,4,sarimax,extended
2018-07-26 00:00:00,32551.0,26537.4,30156.1,33774.9,4,sarimax,extended
2018-07-26 01:00:00,30293.0,24993.2,28401.3,31809.5,4,sarimax,extended
2018-07-26 02:00:00,28810.0,23417.2,26610.5,29803.8,4,sarimax,extended
2018-07-26 03:00:00,27796.0,22578.4,25657.3,28736.1,4,sarimax,extended
2018-07-26 04:00:00,27402.0,21755.5,24722.1,27688.8,4,sarimax,extended
2018-07-26 05:00:00,27625.0,21554.8,24494.1,27433.4,4,sarimax,extended
2018-07-26 06:00:00,29005.0,23029.3,26169.7,29310.0,4,sarimax,extended
2018-07-26 07:00:00,31020.0,23473.8,26674.7,29875.7,4,sarimax,extended
2018-07-26 08:00:00,33358.0,26107.5,29667.7,33227.8,4,sarimax,extended
2018-07-26 09:00:00,35105.0,27149.2,30851.3,34553.5,4,sarimax,extended
2018-07-26 10:00:00,36666.0,29094.2,33061.6,37029.0,4,sarimax,extended
2018-07-26 11:00:00,38660.0,30609.7,34783.8,38957.8,4,sarimax,extended
2018-07-26 12:00:00,40547.0,32087.4,36463.0,40838.6,4,sarimax,extended
2018-07-26 13:00:00,42325.0,32909.5,37397.2,41884.8,4,sarimax,extended
2018-07-26 14:00:00,44214.0,34146.3,38802.6,43458.9,4,sarimax,extended
2018-07-26 15:00:00,45954.0,35243.0,40048.9,44854.7,4,sarimax,extended
2018-07-26 16:00:00,47369.0,35788.2,40668.4,45548.6,4,sarimax,extended
2018-07-26 17:00:00,48525.0,36377.1,41337.6,46298.2,4,sarimax,extended
2018-07-26 18:00:00,49029.0,36402.7,41366.8,46330.8,4,sarimax,extended
2018-07-26 19:00:00,48261.0,35817.2,40701.4,45585.6,4,sarimax,extended
2018-07-26 20:00:00,46337.0,34552.8,39264.6,43976.3,4,sarimax,extended
2018-07-26 21:00:00,44542.0,33629.2,38215.0,42800.8,4,sarimax,extended
2018-07-26 22:00:00,42638.0,32313.9,36720.4,41126.8,4,sarimax,extended
2018-07-26 23:00:00,39276.0,29918.6,33998.4,38078.2,4,sarimax,extended
2018-07-27 00:00:00,35742.0,28519.2,32408.2,36297.1,4,sarimax,extended
2018-07-27 01:00:00,32798.0,24342.2,27661.6,30981.0,5,sarimax,primary
2018-07-27 02:00:00,30772.0,22823.1,25935.4,29047.6,5,sarimax,primary
2018-07-27 03:00:00,29279.0,21816.3,24791.2,27766.2,5,sarimax,primary
2018-07-27 04:00:00,28422.0,21488.6,24418.8,27349.1,5,sarimax,primary
2018-07-27 05:00:00,28437.0,21383.7,24299.6,27215.6,5,sarimax,primary
2018-07-27 06:00:00,29535.0,22234.0,25265.9,28297.8,5,sarimax,primary
2018-07-27 07:00:00,31386.0,22983.7,26117.9,29252.0,5,sarimax,primary
2018-07-27 08:00:00,33962.0,25264.9,28710.1,32155.4,5,sarimax,primary
2018-07-27 09:00:00,36528.0,26640.0,30272.7,33905.4,5,sarimax,primary
2018-07-27 10:00:00,39094.0,28600.1,32500.1,36400.1,5,sarimax,primary
2018-07-27 11:00:00,41832.0,30044.9,34141.9,38238.9,5,sarimax,primary
2018-07-27 12:00:00,43895.0,32341.4,36751.5,41161.7,5,sarimax,primary
2018-07-27 13:00:00,45475.0,32848.8,37328.2,41807.6,5,sarimax,primary
2018-07-27 14:00:00,46850.0,34386.9,39076.1,43765.2,5,sarimax,primary
2018-07-27 15:00:00,47401.0,34672.9,39401.0,44129.1,5,sarimax,primary
2018-07-27 16:00:00,46988.0,35715.4,40585.7,45456.0,5,sarimax,primary
2018-07-27 17:00:00,46864.0,35663.6,40526.8,45390.0,5,sarimax,primary
2018-07-27 18:00:00,45572.0,35706.3,40575.3,45444.4,5,sarimax,primary
2018-07-27 19:00:00,42950.0,35048.4,39827.7,44607.0,5,sarimax,primary
2018-07-27 20:00:00,40883.0,33995.1,38630.8,43266.5,5,sarimax,primary
2018-07-27 21:00:00,39275.0,33301.8,37842.9,42384.1,5,sarimax,primary
2018-07-27 22:00:00,37618.0,31751.7,36081.5,40411.3,5,sarimax,primary
2018-07-27 23:00:00,35038.0,29798.1,33861.5,37924.8,5,sarimax,primary
2018-07-28 00:00:00,32468.0,27141.6,30842.7,34543.8,5,sarimax,primary
2018-07-27 01:00:00,32798.0,26520.8,30137.3,33753.8,5,sarimax,extended
2018-07-27 02:00:00,30772.0,24880.5,28273.3,31666.1,5,sarimax,extended
2018-07-27 03:00:00,29279.0,23749.6,26988.1,30226.7,5,sarimax,extended
2018-07-27 04:00:00,28422.0,22860.3,25977.6,29094.9,5,sarimax,extended
2018-07-27 05:00:00,28437.0,23511.6,26717.8,29923.9,5,sarimax,extended
2018-07-27 06:00:00,29535.0,24198.5,27498.3,30798.0,5,sarimax,extended
2018-07-27 07:00:00,31386.0,25600.7,29091.7,32582.7,5,sarimax,extended
2018-07-27 08:00:00,33962.0,26999.8,30681.6,34363.4,5,sarimax,extended
2018-07-27 09:00:00,36528.0,28962.1,32911.5,36860.9,5,sarimax,extended
2018-07-27 10:00:00,39094.0,30619.4,34794.7,38970.1,5,sarimax,extended
2018-07-27 11:00:00,41832.0,33015.8,37518.0,42020.2,5,sarimax,extended
2018-07-27 12:00:00,43895.0,34234.9,38903.3,43571.7,5,sarimax,extended
2018-07-27 13:00:00,45475.0,35992.0,40900.0,45808.0,5,sarimax,extended
2018-07-27 14:00:00,46850.0,37127.0,42189.8,47252.6,5,sarimax,extended
2018-07-27 15:00:00,47401.0,37898.0,43065.9,48233.8,5,sarimax,extended
2018-07-27 16:00:00,46988.0,38036.6,43223.4,48410.2,5,sarimax,extended
2018-07-27 17:00:00,46864.0,38913.5,44219.9,49526.3,5,sarimax,extended
2018-07-27 18:00:00,45572.0,39132.0,44468.1,49804.3,5,sarimax,extended
2018-07-27 19:00:00,42950.0,38632.5,43900.5,49168.6,5,sarimax,extended
2018-07-27 20:00:00,40883.0,37499.9,42613.5,47727.2,5,sarimax,extended
2018-07-27 21:00:00,39275.0,35868.4,40759.5,45650.7,5,sarimax,extended
2018-07-27 22:00:00,37618.0,34678.1,39406.9,44135.8,5,sarimax,extended
2018-07-27 23:00:00,35038.0,31969.8,36329.3,40688.8,5,sarimax,extended
2018-07-28 00:00:00,32468.0,29544.6,33573.4,37602.2,5,sarimax,extended
2018-07-28 01:00:00,30085.0,27274.4,30993.6,34712.8,5,sarimax,extended
2018-07-28 02:00:00,28324.0,26003.8,29549.8,33095.7,5,sarimax,extended
2018-07-28 03:00:00,27069.0,24661.6,28024.5,31387.5,5,sarimax,extended
2018-07-28 04:00:00,26276.0,24261.3,27569.7,30878.0,5,sarimax,extended
2018-07-28 05:00:00,25964.0,24147.2,27440.0,30732.8,5,sarimax,extended
2018-07-28 06:00:00,26178.0,24812.4,28195.9,31579.4,5,sarimax,extended
2018-07-28 07:00:00,26570.0,25629.9,29124.9,32619.8,5,sarimax,extended
2018-07-28 08:00:00,28155.0,27803.2,31594.6,35385.9,5,sarimax,extended
2018-07-28 09:00:00,30618.0,29574.4,33607.3,37640.2,5,sarimax,extended
2018-07-28 10:00:00,32944.0,32369.2,36783.2,41197.1,5,sarimax,extended
2018-07-28 11:00:00,34997.0,34088.2,38736.6,43385.0,5,sarimax,extended
2018-07-28 12:00:00,37024.0,35319.8,40136.1,44952.5,5,sarimax,extended
2018-07-28 13:00:00,38708.0,36842.9,41867.0,46891.0,5,sarimax,extended
2018-07-28 14:00:00,40057.0,37444.7,42550.8,47656.9,5,sarimax,extended
2018-07-28 15:00:00,41303.0,38001.4,43183.4,48365.4,5,sarimax,extended
2018-07-28 16:00:00,42088.0,39078.1,44407.0,49735.8,5,sarimax,extended
2018-07-28 17:00:00,42632.0,39397.5,44769.9,50142.3,5,sarimax,extended
2018-07-28 18:00:00,42835.0,40198.2,45679.7,51161.3,5,sarimax,extended
2018-07-28 19:00:00,42174.0,39365.8,44733.8,50101.9,5,sarimax,extended
2018-07-28 20:00:00,40498.0,37809.6,42965.4,48121.3,5,sarimax,extended
2018-07-28 21:00:00,38869.0,36559.6,41545.0,46530.4,5,sarimax,extended
2018-07-28 22:00:00,37375.0,35517.9,40361.3,45204.6,5,sarimax,extended
2018-07-28 23:00:00,34687.0,32528.8,36964.5,41400.3,5,sarimax,extended
2018-07-29 00:00:00,31940.0,29982.7,34071.3,38159.8,5,sarimax,extended
2018-07-29 01:00:00,29376.0,27568.0,31327.3,35086.6,5,sarimax,extended
2018-07-29 02:00:00,27473.0,26299.2,29885.5,33471.7,5,sarimax,extended
2018-07-29 03:00:00,26103.0,24775.7,28154.2,31532.7,5,sarimax,extended
2018-07-29 04:00:00,25090.0,23805.7,27052.0,30298.2,5,sarimax,extended
2018-07-29 05:00:00,24494.0,24132.7,27423.5,30714.3,5,sarimax,extended
2018-07-29 06:00:00,24255.0,25133.1,28560.3,31987.6,5,sarimax,extended
2018-07-29 07:00:00,24161.0,26275.1,29858.1,33441.1,5,sarimax,extended
2018-07-29 08:00:00,25175.0,28090.3,31920.8,35751.2,5,sarimax,extended
2018-07-29 09:00:00,27022.0,30027.6,34122.3,38216.9,5,sarimax,extended
2018-07-29 10:00:00,29021.0,31794.3,36129.9,40465.5,5,sarimax,extended
2018-07-29 11:00:00,30917.0,33591.1,38171.7,42752.3,5,sarimax,extended
2018-07-29 12:00:00,32581.0,34995.9,39768.0,44540.2,5,sarimax,extended
2018-07-29 13:00:00,34226.0,36410.1,41375.1,46340.2,5,sarimax,extended
2018-07-29 14:00:00,35770.0,37409.9,42511.3,47612.6,5,sarimax,extended
2018-07-29 15:00:00,37250.0,38231.2,43444.5,48657.9,5,sarimax,extended
2018-07-29 16:00:00,38637.0,38928.8,44237.2,49545.7,5,sarimax,extended
2018-07-29 17:00:00,39906.0,39530.7,44921.2,50311.8,5,sarimax,extended
2018-07-29 18:00:00,40709.0,39338.7,44703.1,50067.5,5,sarimax,extended
2018-07-29 19:00:00,40517.0,37996.3,43177.6,48358.9,5,sarimax,extended
2018-07-29 20:00:00,39089.0,36556.6,41541.5,46526.5,5,sarimax,extended
2018-07-29 21:00:00,37870.0,35962.3,40866.2,45770.2,5,sarimax,extended
2018-07-29 22:00:00,36581.0,34838.8,39589.5,44340.3,5,sarimax,extended
2018-07-29 23:00:00,33747.0,31950.9,36307.9,40664.8,5,sarimax,extended
2018-07-30 00:00:00,30789.0,29257.1,33246.7,37236.3,5,sarimax,extended
2018-07-30 01:00:00,28389.0,26808.3,30464.0,34119.7,5,sarimax,extended
2018-07-30 02:00:00,26779.0,25458.4,28930.1,32401.7,5,sarimax,extended
2018-07-30 03:00:00,25675.0,24139.1,27430.8,30722.5,5,sarimax,extended
2018-07-30 04:00:00,25200.0,23482.4,26684.5,29886.7,5,sarimax,extended
2018-07-30 05:00:00,25479.0,23448.0,26645.5,29842.9,5,sarimax,extended
2018-07-30 06:00:00,26824.0,24168.6,27464.3,30760.0,5,sarimax,extended
2018-07-30 07:00:00,28676.0,25218.5,28657.4,32096.3,5,sarimax,extended
2018-07-30 08:00:00,31050.0,26982.2,30661.5,34340.9,5,sarimax,extended
2018-07-30 09:00:00,33081.0,29302.3,33298.0,37293.8,5,sarimax,extended
2018-07-30 10:00:00,34779.0,30521.2,34683.2,38845.1,5,sarimax,extended
2018-07-30 11:00:00,36060.0,32352.1,36763.7,41175.3,5,sarimax,extended
2018-07-30 12:00:00,36747.0,34099.2,38749.0,43398.9,5,sarimax,extended
2018-07-30 13:00:00,37228.0,34649.2,39374.1,44099.0,5,sarimax,extended
2018-07-30 14:00:00,37671.0,36499.6,41476.8,46454.0,5,sarimax,extended
2018-07-30 15:00:00,37624.0,36697.4,41701.6,46705.8,5,sarimax,extended
2018-07-30 16:00:00,37615.0,36834.1,41856.9,46879.7,5,sarimax,extended
2018-07-30 17:00:00,37600.0,38220.1,43432.0,48643.8,5,sarimax,extended
2018-07-30 18:00:00,37564.0,37547.1,42667.2,47787.2,5,sarimax,extended
2018-07-30 19:00:00,36901.0,36945.8,41983.8,47021.9,5,sarimax,extended
2018-07-30 20:00:00,36166.0,35659.2,40521.8,45384.4,5,sarimax,extended
2018-07-30 21:00:00,35899.0,34021.1,38660.3,43299.6,5,sarimax,extended
2018-07-30 22:00:00,34879.0,32565.3,37006.0,41446.7,5,sarimax,extended
2018-07-30 23:00:00,32303.0,30677.0,34860.3,39043.5,5,sarimax,extended
2018-07-31 00:00:00,29701.0,28026.5,31848.3,35670.1,5,sarimax,extended
2018-07-31 01:00:00,27576.0,25970.5,29511.9,33053.3,5,sarimax,extended
2018-07-31 02:00:00,26192.0,24151.8,27445.2,30738.7,5,sarimax,extended
2018-07-31 03:00:00,25356.0,23304.3,26482.2,29660.1,5,sarimax,extended
2018-07-31 04:00:00,25050.0,22791.6,25899.5,29007.4,5,sarimax,extended
2018-07-31 05:00:00,25408.0,22299.9,25340.8,28381.7,5,sarimax,extended
2018-07-31 06:00:00,26863.0,22866.4,25984.6,29102.7,5,sarimax,extended
2018-07-31 07:00:00,28913.0,24354.4,27675.5,30996.5,5,sarimax,extended
2018-07-31 08:00:00,31217.0,25655.6,29154.1,32652.5,5,sarimax,extended
2018-07-31 09:00:00,33056.0,27997.3,31815.2,35633.0,5,sarimax,extended
2018-07-31 10:00:00,34799.0,29660.6,33705.2,37749.8,5,sarimax,extended
2018-07-31 11:00:00,36507.0,31213.9,35470.4,39726.8,5,sarimax,extended
2018-07-31 12:00:00,37977.0,32477.3,36906.1,41334.8,5,sarimax,extended
2018-07-31 13:00:00,39084.0,33542.0,38116.0,42689.9,5,sarimax,extended
2018-07-31 14:00:00,39928.0,34514.7,39221.2,43927.8,5,sarimax,extended
2018-07-31 15:00:00,40464.0,34876.0,39631.9,44387.7,5,sarimax,extended
2018-07-31 16:00:00,41003.0,35395.2,40221.8,45048.5,5,sarimax,extended
2018-07-31 17:00:00,41747.0,36058.6,40975.7,45892.8,5,sarimax,extended
2018-07-31 18:00:00,42011.0,36122.5,41048.3,45974.1,5,sarimax,extended
2018-07-31 19:00:00,41299.0,35522.1,40366.0,45209.9,5,sarimax,extended
2018-07-31 20:00:00,40289.0,34225.9,38893.1,43560.2,5,sarimax,extended
2018-07-31 21:00:00,39938.0,32509.1,36942.1,41375.2,5,sarimax,extended
2018-07-31 22:00:00,38610.0,31834.4,36175.5,40516.5,5,sarimax,extended
2018-07-31 23:00:00,35950.0,29217.7,33201.9,37186.2,5,sarimax,extended
2018-08-01 00:00:00,33072.0,27148.5,30850.6,34552.7,5,sarimax,extended
2018-08-01 01:00:00,30810.0,25135.4,28562.9,31990.5,5,sarimax,extended
2018-08-01 02:00:00,29409.0,23829.3,27078.8,30328.3,5,sarimax,extended
2018-08-01 03:00:00,28576.0,22054.4,25061.8,28069.2,5,sarimax,extended
2018-08-01 04:00:00,28249.0,22038.3,25043.5,28048.7,5,sarimax,extended
2018-08-01 05:00:00,28481.0,22381.9,25433.9,28486.0,5,sarimax,extended
2018-08-01 06:00:00,30035.0,22483.4,25549.3,28615.2,5,sarimax,extended
2018-08-01 07:00:00,32365.0,23892.8,27150.9,30409.0,5,sarimax,extended
2018-08-01 08:00:00,34741.0,25404.7,28869.0,32333.3,5,sarimax,extended
2018-08-01 09:00:00,36765.0,27382.1,31116.0,34850.0,5,sarimax,extended
2018-08-01 10:00:00,38572.0,28722.0,32638.6,36555.2,5,sarimax,extended
2018-08-01 11:00:00,40316.0,30180.9,34296.5,38412.1,5,sarimax,extended
2018-08-01 12:00:00,42403.0,32497.3,36928.8,41360.3,5,sarimax,extended
2018-08-01 13:00:00,43887.0,33340.6,37887.1,42433.5,5,sarimax,extended
2018-08-01 14:00:00,45313.0,34085.5,38733.5,43381.6,5,sarimax,extended
2018-08-01 15:00:00,46430.0,35139.1,39930.7,44722.4,5,sarimax,extended
2018-08-01 16:00:00,47867.0,35661.9,40524.9,45387.9,5,sarimax,extended
2018-08-01 17:00:00,48855.0,36272.1,41218.3,46164.5,5,sarimax,extended
2018-08-01 18:00:00,49308.0,36263.5,41208.6,46153.6,5,sarimax,extended
2018-08-01 19:00:00,48428.0,35155.3,39949.2,44743.1,5,sarimax,extended
2018-08-01 20:00:00,46912.0,34615.7,39336.1,44056.4,5,sarimax,extended
2018-08-01 21:00:00,45985.0,33294.4,37834.5,42374.6,5,sarimax,extended
2018-08-01 22:00:00,44094.0,31893.6,36242.7,40591.8,5,sarimax,extended
2018-08-01 23:00:00,40666.0,29878.2,33952.5,38026.8,5,sarimax,extended
2018-08-02 00:00:00,37158.0,27764.3,31550.4,35336.4,5,sarimax,extended
2018-08-02 01:00:00,34283.0,25116.0,28540.9,31965.8,5,sarimax,extended
2018-08-02 02:00:00,32094.0,24111.9,27399.9,30687.8,5,sarimax,extended
2018-08-02 03:00:00,30543.0,22574.2,25652.5,28730.8,5,sarimax,extended
2018-08-02 04:00:00,29791.0,22504.0,25572.7,28641.5,5,sarimax,extended
2018-08-02 05:00:00,29854.0,22431.2,25490.0,28548.8,5,sarimax,extended
2018-08-02 06:00:00,31197.0,22502.5,25571.1,28639.6,5,sarimax,extended
2018-08-02 07:00:00,33182.0,24742.1,28116.1,31490.0,5,sarimax,extended
2018-08-02 08:00:00,35645.0,25945.3,29483.3,33021.3,5,sarimax,extended
2018-08-02 09:00:00,37810.0,27760.1,31545.6,35331.0,5,sarimax,extended
2018-08-02 10:00:00,39902.0,29716.4,33768.7,37820.9,5,sarimax,extended
2018-08-02 11:00:00,42189.0,31702.3,36025.4,40348.4,5,sarimax,extended
2018-08-02 12:00:00,43954.0,32841.6,37320.0,41798.4,5,sarimax,extended
2018-08-02 13:00:00,45372.0,33955.7,38586.0,43216.3,5,sarimax,extended
2018-08-02 14:00:00,46534.0,35572.8,40423.7,45274.5,5,sarimax,extended
2018-08-02 15:00:00,47154.0,36525.7,41506.4,46487.2,5,sarimax,extended
2018-08-02 16:00:00,46989.0,36852.0,41877.3,46902.6,5,sarimax,extended
2018-08-02 17:00:00,46816.0,37410.0,42511.4,47612.8,5,sarimax,extended
2018-08-02 18:00:00,46760.0,37499.6,42613.2,47726.7,5,sarimax,extended
2018-08-02 19:00:00,45641.0,36649.5,41647.1,46644.8,5,sarimax,extended
2018-08-02 20:00:00,44057.0,35376.9,40201.0,45025.1,5,sarimax,extended
2018-08-02 21:00:00,43256.0,34441.0,39137.5,43834.0,5,sarimax,extended
2018-08-02 22:00:00,41552.0,33560.5,38136.9,42713.4,5,sarimax,extended
2018-08-02 23:00:00,38500.0,31071.1,35308.1,39545.0,5,sarimax,extended
2018-08-03 00:00:00,35486.0,28048.3,31873.1,35697.9,5,sarimax,extended
